match,player_name,line,over_price,under_price,market_name,agency,player_team
Manchester City v Tottenham Hotspur,Abduqodir Khusanov,0.5,1.83,NA,Player Shots,Bet365,NA
Manchester City v Tottenham Hotspur,Abduqodir Khusanov,1.5,5,NA,Player Shots,Bet365,NA
Manchester City v Tottenham Hotspur,Abduqodir Khusanov,2.5,15,NA,Player Shots,Bet365,NA
Manchester City v Tottenham Hotspur,Abduqodir Khusanov,3.5,NA,NA,Player Shots,Bet365,NA
Manchester City v Tottenham Hotspur,Archie Gray,0.5,2.25,NA,Player Shots,Bet365,Tottenham Hotspur
Manchester City v Tottenham Hotspur,Archie Gray,1.5,8,NA,Player Shots,Bet365,Tottenham Hotspur
Manchester City v Tottenham Hotspur,Archie Gray,2.5,21,NA,Player Shots,Bet365,Tottenham Hotspur
Manchester City v Tottenham Hotspur,Archie Gray,3.5,NA,NA,Player Shots,Bet365,Tottenham Hotspur
Manchester City v Tottenham Hotspur,Ben Davies,0.5,3,NA,Player Shots,Bet365,Tottenham Hotspur
Manchester City v Tottenham Hotspur,Ben Davies,1.5,11,NA,Player Shots,Bet365,Tottenham Hotspur
Manchester City v Tottenham Hotspur,Ben Davies,2.5,NA,NA,Player Shots,Bet365,Tottenham Hotspur
Manchester City v Tottenham Hotspur,Ben Davies,3.5,NA,NA,Player Shots,Bet365,Tottenham Hotspur
Manchester City v Tottenham Hotspur,Bernardo Silva,0.5,1.5,2.5,Player Shots,Bet365,Manchester City
Manchester City v Tottenham Hotspur,Bernardo Silva,0.5,1.5,NA,Player Shots,Bet365,Manchester City
Manchester City v Tottenham Hotspur,Bernardo Silva,1.5,3.25,NA,Player Shots,Bet365,Manchester City
Manchester City v Tottenham Hotspur,Bernardo Silva,2.5,8,NA,Player Shots,Bet365,Manchester City
Manchester City v Tottenham Hotspur,Bernardo Silva,3.5,21,NA,Player Shots,Bet365,Manchester City
Manchester City v Tottenham Hotspur,Brennan Johnson,0.5,1.33,NA,Player Shots,Bet365,Tottenham Hotspur
Manchester City v Tottenham Hotspur,Brennan Johnson,1.5,2.5,1.5,Player Shots,Bet365,Tottenham Hotspur
Manchester City v Tottenham Hotspur,Brennan Johnson,1.5,2.5,NA,Player Shots,Bet365,Tottenham Hotspur
Manchester City v Tottenham Hotspur,Brennan Johnson,2.5,5.5,NA,Player Shots,Bet365,Tottenham Hotspur
Manchester City v Tottenham Hotspur,Brennan Johnson,3.5,15,NA,Player Shots,Bet365,Tottenham Hotspur
Manchester City v Tottenham Hotspur,Cristian Romero,0.5,1.9,1.8,Player Shots,Bet365,Tottenham Hotspur
Manchester City v Tottenham Hotspur,Cristian Romero,0.5,1.9,NA,Player Shots,Bet365,Tottenham Hotspur
Manchester City v Tottenham Hotspur,Cristian Romero,1.5,5.5,NA,Player Shots,Bet365,Tottenham Hotspur
Manchester City v Tottenham Hotspur,Cristian Romero,2.5,17,NA,Player Shots,Bet365,Tottenham Hotspur
Manchester City v Tottenham Hotspur,Cristian Romero,3.5,NA,NA,Player Shots,Bet365,Tottenham Hotspur
Manchester City v Tottenham Hotspur,Destiny Udogie,0.5,2.2,NA,Player Shots,Bet365,Tottenham Hotspur
Manchester City v Tottenham Hotspur,Destiny Udogie,1.5,6.5,NA,Player Shots,Bet365,Tottenham Hotspur
Manchester City v Tottenham Hotspur,Destiny Udogie,2.5,21,NA,Player Shots,Bet365,Tottenham Hotspur
Manchester City v Tottenham Hotspur,Destiny Udogie,3.5,NA,NA,Player Shots,Bet365,Tottenham Hotspur
Manchester City v Tottenham Hotspur,Djed Spence,0.5,2.1,NA,Player Shots,Bet365,Tottenham Hotspur
Manchester City v Tottenham Hotspur,Djed Spence,1.5,6.5,NA,Player Shots,Bet365,Tottenham Hotspur
Manchester City v Tottenham Hotspur,Djed Spence,2.5,19,NA,Player Shots,Bet365,Tottenham Hotspur
Manchester City v Tottenham Hotspur,Djed Spence,3.5,NA,NA,Player Shots,Bet365,Tottenham Hotspur
Manchester City v Tottenham Hotspur,Dominic Solanke,0.5,1.071,NA,Player Shots,Bet365,Tottenham Hotspur
Manchester City v Tottenham Hotspur,Dominic Solanke,1.5,1.4,NA,Player Shots,Bet365,Tottenham Hotspur
Manchester City v Tottenham Hotspur,Dominic Solanke,2.5,2.1,NA,Player Shots,Bet365,Tottenham Hotspur
Manchester City v Tottenham Hotspur,Dominic Solanke,3.5,3.75,NA,Player Shots,Bet365,Tottenham Hotspur
Manchester City v Tottenham Hotspur,Erling Haaland,0.5,1.01,NA,Player Shots,Bet365,Manchester City
Manchester City v Tottenham Hotspur,Erling Haaland,1.5,1.071,NA,Player Shots,Bet365,Manchester City
Manchester City v Tottenham Hotspur,Erling Haaland,2.5,1.25,NA,Player Shots,Bet365,Manchester City
Manchester City v Tottenham Hotspur,Erling Haaland,3.5,1.61,2.2,Player Shots,Bet365,Manchester City
Manchester City v Tottenham Hotspur,Erling Haaland,3.5,1.61,NA,Player Shots,Bet365,Manchester City
Manchester City v Tottenham Hotspur,Ilkay G<c3><bc>ndogan,0.5,1.11,NA,Player Shots,Bet365,NA
Manchester City v Tottenham Hotspur,Ilkay G<c3><bc>ndogan,1.5,1.5,NA,Player Shots,Bet365,NA
Manchester City v Tottenham Hotspur,Ilkay G<c3><bc>ndogan,2.5,2.5,NA,Player Shots,Bet365,NA
Manchester City v Tottenham Hotspur,Ilkay G<c3><bc>ndogan,3.5,4.5,NA,Player Shots,Bet365,NA
Manchester City v Tottenham Hotspur,J<c3><a9>r<c3><a9>my Doku,0.5,1.071,NA,Player Shots,Bet365,NA
Manchester City v Tottenham Hotspur,J<c3><a9>r<c3><a9>my Doku,1.5,1.36,NA,Player Shots,Bet365,NA
Manchester City v Tottenham Hotspur,J<c3><a9>r<c3><a9>my Doku,2.5,2,NA,Player Shots,Bet365,NA
Manchester City v Tottenham Hotspur,J<c3><a9>r<c3><a9>my Doku,3.5,3.5,NA,Player Shots,Bet365,NA
Manchester City v Tottenham Hotspur,Joao Palhinha,0.5,1.61,NA,Player Shots,Bet365,NA
Manchester City v Tottenham Hotspur,Joao Palhinha,1.5,3.75,NA,Player Shots,Bet365,NA
Manchester City v Tottenham Hotspur,Joao Palhinha,2.5,11,NA,Player Shots,Bet365,NA
Manchester City v Tottenham Hotspur,Joao Palhinha,3.5,21,NA,Player Shots,Bet365,NA
Manchester City v Tottenham Hotspur,John Stones,0.5,1.83,NA,Player Shots,Bet365,Manchester City
Manchester City v Tottenham Hotspur,John Stones,1.5,5,NA,Player Shots,Bet365,Manchester City
Manchester City v Tottenham Hotspur,John Stones,2.5,15,NA,Player Shots,Bet365,Manchester City
Manchester City v Tottenham Hotspur,John Stones,3.5,NA,NA,Player Shots,Bet365,Manchester City
Manchester City v Tottenham Hotspur,Josko Gvardiol,0.5,1.44,NA,Player Shots,Bet365,Manchester City
Manchester City v Tottenham Hotspur,Josko Gvardiol,1.5,3,NA,Player Shots,Bet365,Manchester City
Manchester City v Tottenham Hotspur,Josko Gvardiol,2.5,7,NA,Player Shots,Bet365,Manchester City
Manchester City v Tottenham Hotspur,Josko Gvardiol,3.5,19,NA,Player Shots,Bet365,Manchester City
Manchester City v Tottenham Hotspur,Kevin Danso,0.5,2.25,NA,Player Shots,Bet365,Tottenham Hotspur
Manchester City v Tottenham Hotspur,Kevin Danso,1.5,8,NA,Player Shots,Bet365,Tottenham Hotspur
Manchester City v Tottenham Hotspur,Kevin Danso,2.5,21,NA,Player Shots,Bet365,Tottenham Hotspur
Manchester City v Tottenham Hotspur,Kevin Danso,3.5,NA,NA,Player Shots,Bet365,Tottenham Hotspur
Manchester City v Tottenham Hotspur,Lucas Bergvall,0.5,1.72,NA,Player Shots,Bet365,Tottenham Hotspur
Manchester City v Tottenham Hotspur,Lucas Bergvall,1.5,4.33,NA,Player Shots,Bet365,Tottenham Hotspur
Manchester City v Tottenham Hotspur,Lucas Bergvall,2.5,13,NA,Player Shots,Bet365,Tottenham Hotspur
Manchester City v Tottenham Hotspur,Lucas Bergvall,3.5,NA,NA,Player Shots,Bet365,Tottenham Hotspur
Manchester City v Tottenham Hotspur,Manuel Akanji,0.5,1.72,NA,Player Shots,Bet365,Manchester City
Manchester City v Tottenham Hotspur,Manuel Akanji,1.5,4.33,NA,Player Shots,Bet365,Manchester City
Manchester City v Tottenham Hotspur,Manuel Akanji,2.5,13,NA,Player Shots,Bet365,Manchester City
Manchester City v Tottenham Hotspur,Manuel Akanji,3.5,NA,NA,Player Shots,Bet365,Manchester City
Manchester City v Tottenham Hotspur,Mateo Kovacic,0.5,1.4,NA,Player Shots,Bet365,Manchester City
Manchester City v Tottenham Hotspur,Mateo Kovacic,1.5,2.62,NA,Player Shots,Bet365,Manchester City
Manchester City v Tottenham Hotspur,Mateo Kovacic,2.5,6,NA,Player Shots,Bet365,Manchester City
Manchester City v Tottenham Hotspur,Mateo Kovacic,3.5,15,NA,Player Shots,Bet365,Manchester City
Manchester City v Tottenham Hotspur,Matheus Nunes,0.5,1.33,NA,Player Shots,Bet365,Manchester City
Manchester City v Tottenham Hotspur,Matheus Nunes,1.5,2.37,NA,Player Shots,Bet365,Manchester City
Manchester City v Tottenham Hotspur,Matheus Nunes,2.5,5.5,NA,Player Shots,Bet365,Manchester City
Manchester City v Tottenham Hotspur,Matheus Nunes,3.5,13,NA,Player Shots,Bet365,Manchester City
Manchester City v Tottenham Hotspur,Mathys Tel,0.5,1.083,NA,Player Shots,Bet365,Tottenham Hotspur
Manchester City v Tottenham Hotspur,Mathys Tel,1.5,1.4,NA,Player Shots,Bet365,Tottenham Hotspur
Manchester City v Tottenham Hotspur,Mathys Tel,2.5,2.2,NA,Player Shots,Bet365,Tottenham Hotspur
Manchester City v Tottenham Hotspur,Mathys Tel,3.5,3.75,NA,Player Shots,Bet365,Tottenham Hotspur
Manchester City v Tottenham Hotspur,Micky van de Ven,0.5,2.37,NA,Player Shots,Bet365,Tottenham Hotspur
Manchester City v Tottenham Hotspur,Micky van de Ven,1.5,8,NA,Player Shots,Bet365,Tottenham Hotspur
Manchester City v Tottenham Hotspur,Micky van de Ven,2.5,21,NA,Player Shots,Bet365,Tottenham Hotspur
Manchester City v Tottenham Hotspur,Micky van de Ven,3.5,NA,NA,Player Shots,Bet365,Tottenham Hotspur
Manchester City v Tottenham Hotspur,Mohammed Kudus,0.5,1.16,NA,Player Shots,Bet365,Tottenham Hotspur
Manchester City v Tottenham Hotspur,Mohammed Kudus,1.5,1.72,2,Player Shots,Bet365,Tottenham Hotspur
Manchester City v Tottenham Hotspur,Mohammed Kudus,1.5,1.72,NA,Player Shots,Bet365,Tottenham Hotspur
Manchester City v Tottenham Hotspur,Mohammed Kudus,2.5,3.25,NA,Player Shots,Bet365,Tottenham Hotspur
Manchester City v Tottenham Hotspur,Mohammed Kudus,3.5,6.5,NA,Player Shots,Bet365,Tottenham Hotspur
Manchester City v Tottenham Hotspur,Nathan Ak<c3><a9>,0.5,1.83,NA,Player Shots,Bet365,NA
Manchester City v Tottenham Hotspur,Nathan Ak<c3><a9>,1.5,5,NA,Player Shots,Bet365,NA
Manchester City v Tottenham Hotspur,Nathan Ak<c3><a9>,2.5,15,NA,Player Shots,Bet365,NA
Manchester City v Tottenham Hotspur,Nathan Ak<c3><a9>,3.5,NA,NA,Player Shots,Bet365,NA
Manchester City v Tottenham Hotspur,Nico Gonzalez,0.5,1.44,2.62,Player Shots,Bet365,NA
Manchester City v Tottenham Hotspur,Nico Gonzalez,0.5,1.44,NA,Player Shots,Bet365,NA
Manchester City v Tottenham Hotspur,Nico Gonzalez,1.5,3,NA,Player Shots,Bet365,NA
Manchester City v Tottenham Hotspur,Nico Gonzalez,2.5,7,NA,Player Shots,Bet365,NA
Manchester City v Tottenham Hotspur,Nico Gonzalez,3.5,19,NA,Player Shots,Bet365,NA
Manchester City v Tottenham Hotspur,Nico O'Reilly,0.5,1.4,NA,Player Shots,Bet365,Manchester City
Manchester City v Tottenham Hotspur,Nico O'Reilly,1.5,2.62,NA,Player Shots,Bet365,Manchester City
Manchester City v Tottenham Hotspur,Nico O'Reilly,2.5,6,NA,Player Shots,Bet365,Manchester City
Manchester City v Tottenham Hotspur,Nico O'Reilly,3.5,15,NA,Player Shots,Bet365,Manchester City
Manchester City v Tottenham Hotspur,Omar Marmoush,0.5,1.05,NA,Player Shots,Bet365,Manchester City
Manchester City v Tottenham Hotspur,Omar Marmoush,1.5,1.28,NA,Player Shots,Bet365,Manchester City
Manchester City v Tottenham Hotspur,Omar Marmoush,2.5,1.8,1.9,Player Shots,Bet365,Manchester City
Manchester City v Tottenham Hotspur,Omar Marmoush,2.5,1.8,NA,Player Shots,Bet365,Manchester City
Manchester City v Tottenham Hotspur,Omar Marmoush,3.5,2.75,NA,Player Shots,Bet365,Manchester City
Manchester City v Tottenham Hotspur,Oscar Bobb,0.5,1.071,NA,Player Shots,Bet365,Manchester City
Manchester City v Tottenham Hotspur,Oscar Bobb,1.5,1.36,NA,Player Shots,Bet365,Manchester City
Manchester City v Tottenham Hotspur,Oscar Bobb,2.5,2,NA,Player Shots,Bet365,Manchester City
Manchester City v Tottenham Hotspur,Oscar Bobb,3.5,3.5,NA,Player Shots,Bet365,Manchester City
Manchester City v Tottenham Hotspur,Pape Matar Sarr,0.5,1.53,2.37,Player Shots,Bet365,Tottenham Hotspur
Manchester City v Tottenham Hotspur,Pape Matar Sarr,0.5,1.53,NA,Player Shots,Bet365,Tottenham Hotspur
Manchester City v Tottenham Hotspur,Pape Matar Sarr,1.5,3.4,NA,Player Shots,Bet365,Tottenham Hotspur
Manchester City v Tottenham Hotspur,Pape Matar Sarr,2.5,9,NA,Player Shots,Bet365,Tottenham Hotspur
Manchester City v Tottenham Hotspur,Pape Matar Sarr,3.5,21,NA,Player Shots,Bet365,Tottenham Hotspur
Manchester City v Tottenham Hotspur,Pedro Porro,0.5,1.72,2,Player Shots,Bet365,Tottenham Hotspur
Manchester City v Tottenham Hotspur,Pedro Porro,0.5,1.72,NA,Player Shots,Bet365,Tottenham Hotspur
Manchester City v Tottenham Hotspur,Pedro Porro,1.5,4.33,NA,Player Shots,Bet365,Tottenham Hotspur
Manchester City v Tottenham Hotspur,Pedro Porro,2.5,13,NA,Player Shots,Bet365,Tottenham Hotspur
Manchester City v Tottenham Hotspur,Pedro Porro,3.5,NA,NA,Player Shots,Bet365,Tottenham Hotspur
Manchester City v Tottenham Hotspur,Phil Foden,0.5,1.04,NA,Player Shots,Bet365,Manchester City
Manchester City v Tottenham Hotspur,Phil Foden,1.5,1.22,NA,Player Shots,Bet365,Manchester City
Manchester City v Tottenham Hotspur,Phil Foden,2.5,1.66,NA,Player Shots,Bet365,Manchester City
Manchester City v Tottenham Hotspur,Phil Foden,3.5,2.62,NA,Player Shots,Bet365,Manchester City
Manchester City v Tottenham Hotspur,Rayan Ait Nouri,0.5,1.44,NA,Player Shots,Bet365,NA
Manchester City v Tottenham Hotspur,Rayan Ait Nouri,1.5,3,NA,Player Shots,Bet365,NA
Manchester City v Tottenham Hotspur,Rayan Ait Nouri,2.5,7,NA,Player Shots,Bet365,NA
Manchester City v Tottenham Hotspur,Rayan Ait Nouri,3.5,19,NA,Player Shots,Bet365,NA
Manchester City v Tottenham Hotspur,Rayan Cherki,0.5,1.025,NA,Player Shots,Bet365,Manchester City
Manchester City v Tottenham Hotspur,Rayan Cherki,1.5,1.16,NA,Player Shots,Bet365,Manchester City
Manchester City v Tottenham Hotspur,Rayan Cherki,2.5,1.53,NA,Player Shots,Bet365,Manchester City
Manchester City v Tottenham Hotspur,Rayan Cherki,3.5,2.2,NA,Player Shots,Bet365,Manchester City
Manchester City v Tottenham Hotspur,Richarlison,0.5,1.16,NA,Player Shots,Bet365,Tottenham Hotspur
Manchester City v Tottenham Hotspur,Richarlison,1.5,1.72,2,Player Shots,Bet365,Tottenham Hotspur
Manchester City v Tottenham Hotspur,Richarlison,1.5,1.72,NA,Player Shots,Bet365,Tottenham Hotspur
Manchester City v Tottenham Hotspur,Richarlison,2.5,3.25,NA,Player Shots,Bet365,Tottenham Hotspur
Manchester City v Tottenham Hotspur,Richarlison,3.5,6.5,NA,Player Shots,Bet365,Tottenham Hotspur
Manchester City v Tottenham Hotspur,Rico Lewis,0.5,1.83,NA,Player Shots,Bet365,Manchester City
Manchester City v Tottenham Hotspur,Rico Lewis,1.5,5,NA,Player Shots,Bet365,Manchester City
Manchester City v Tottenham Hotspur,Rico Lewis,2.5,15,NA,Player Shots,Bet365,Manchester City
Manchester City v Tottenham Hotspur,Rico Lewis,3.5,NA,NA,Player Shots,Bet365,Manchester City
Manchester City v Tottenham Hotspur,Rodrigo Bentancur,0.5,1.83,NA,Player Shots,Bet365,Tottenham Hotspur
Manchester City v Tottenham Hotspur,Rodrigo Bentancur,1.5,5,NA,Player Shots,Bet365,Tottenham Hotspur
Manchester City v Tottenham Hotspur,Rodrigo Bentancur,2.5,15,NA,Player Shots,Bet365,Tottenham Hotspur
Manchester City v Tottenham Hotspur,Rodrigo Bentancur,3.5,NA,NA,Player Shots,Bet365,Tottenham Hotspur
Manchester City v Tottenham Hotspur,R<c3><ba>ben Dias,0.5,1.72,2,Player Shots,Bet365,NA
Manchester City v Tottenham Hotspur,R<c3><ba>ben Dias,0.5,1.72,NA,Player Shots,Bet365,NA
Manchester City v Tottenham Hotspur,R<c3><ba>ben Dias,1.5,4.33,NA,Player Shots,Bet365,NA
Manchester City v Tottenham Hotspur,R<c3><ba>ben Dias,2.5,13,NA,Player Shots,Bet365,NA
Manchester City v Tottenham Hotspur,R<c3><ba>ben Dias,3.5,NA,NA,Player Shots,Bet365,NA
Manchester City v Tottenham Hotspur,Savinho,0.5,1.062,NA,Player Shots,Bet365,Manchester City
Manchester City v Tottenham Hotspur,Savinho,1.5,1.3,NA,Player Shots,Bet365,Manchester City
Manchester City v Tottenham Hotspur,Savinho,2.5,1.9,NA,Player Shots,Bet365,Manchester City
Manchester City v Tottenham Hotspur,Savinho,3.5,3.25,NA,Player Shots,Bet365,Manchester City
Manchester City v Tottenham Hotspur,Tijjani Reijnders,0.5,1.071,NA,Player Shots,Bet365,Manchester City
Manchester City v Tottenham Hotspur,Tijjani Reijnders,1.5,1.4,NA,Player Shots,Bet365,Manchester City
Manchester City v Tottenham Hotspur,Tijjani Reijnders,2.5,2.1,1.66,Player Shots,Bet365,Manchester City
Manchester City v Tottenham Hotspur,Tijjani Reijnders,2.5,2.1,NA,Player Shots,Bet365,Manchester City
Manchester City v Tottenham Hotspur,Tijjani Reijnders,3.5,3.75,NA,Player Shots,Bet365,Manchester City
Manchester City v Tottenham Hotspur,Wilson Odobert,0.5,1.2,NA,Player Shots,Bet365,Tottenham Hotspur
Manchester City v Tottenham Hotspur,Wilson Odobert,1.5,1.83,NA,Player Shots,Bet365,Tottenham Hotspur
Manchester City v Tottenham Hotspur,Wilson Odobert,2.5,3.75,NA,Player Shots,Bet365,Tottenham Hotspur
Manchester City v Tottenham Hotspur,Wilson Odobert,3.5,8,NA,Player Shots,Bet365,Tottenham Hotspur
Manchester City v Tottenham Hotspur,Yves Bissouma,0.5,1.72,NA,Player Shots,Bet365,Tottenham Hotspur
Manchester City v Tottenham Hotspur,Yves Bissouma,1.5,4.33,NA,Player Shots,Bet365,Tottenham Hotspur
Manchester City v Tottenham Hotspur,Yves Bissouma,2.5,13,NA,Player Shots,Bet365,Tottenham Hotspur
Manchester City v Tottenham Hotspur,Yves Bissouma,3.5,NA,NA,Player Shots,Bet365,Tottenham Hotspur
Arsenal v Leeds United,Albert Sambi Lokonga,0.5,1.25,NA,Player Shots,Bet365,Arsenal
Arsenal v Leeds United,Albert Sambi Lokonga,1.5,2.1,NA,Player Shots,Bet365,Arsenal
Arsenal v Leeds United,Albert Sambi Lokonga,2.5,4.33,NA,Player Shots,Bet365,Arsenal
Arsenal v Leeds United,Albert Sambi Lokonga,3.5,10,NA,Player Shots,Bet365,Arsenal
Arsenal v Leeds United,Anton Stach,0.5,1.44,2.62,Player Shots,Bet365,NA
Arsenal v Leeds United,Anton Stach,0.5,1.44,NA,Player Shots,Bet365,NA
Arsenal v Leeds United,Anton Stach,1.5,3,NA,Player Shots,Bet365,NA
Arsenal v Leeds United,Anton Stach,2.5,7,NA,Player Shots,Bet365,NA
Arsenal v Leeds United,Anton Stach,3.5,19,NA,Player Shots,Bet365,NA
Arsenal v Leeds United,Ao Tanaka,0.5,1.83,1.83,Player Shots,Bet365,NA
Arsenal v Leeds United,Ao Tanaka,0.5,1.83,NA,Player Shots,Bet365,NA
Arsenal v Leeds United,Ao Tanaka,1.5,5,NA,Player Shots,Bet365,NA
Arsenal v Leeds United,Ao Tanaka,2.5,15,NA,Player Shots,Bet365,NA
Arsenal v Leeds United,Ao Tanaka,3.5,NA,NA,Player Shots,Bet365,NA
Arsenal v Leeds United,Ben White,0.5,2,NA,Player Shots,Bet365,Arsenal
Arsenal v Leeds United,Ben White,1.5,5.5,NA,Player Shots,Bet365,Arsenal
Arsenal v Leeds United,Ben White,2.5,19,NA,Player Shots,Bet365,Arsenal
Arsenal v Leeds United,Ben White,3.5,NA,NA,Player Shots,Bet365,Arsenal
Arsenal v Leeds United,Brenden Aaronson,0.5,1.57,NA,Player Shots,Bet365,NA
Arsenal v Leeds United,Brenden Aaronson,1.5,3.5,NA,Player Shots,Bet365,NA
Arsenal v Leeds United,Brenden Aaronson,2.5,10,NA,Player Shots,Bet365,NA
Arsenal v Leeds United,Brenden Aaronson,3.5,21,NA,Player Shots,Bet365,NA
Arsenal v Leeds United,Bukayo Saka,0.5,1.012,NA,Player Shots,Bet365,Arsenal
Arsenal v Leeds United,Bukayo Saka,1.5,1.1,NA,Player Shots,Bet365,Arsenal
Arsenal v Leeds United,Bukayo Saka,2.5,1.33,NA,Player Shots,Bet365,Arsenal
Arsenal v Leeds United,Bukayo Saka,3.5,1.8,1.9,Player Shots,Bet365,Arsenal
Arsenal v Leeds United,Bukayo Saka,3.5,1.8,NA,Player Shots,Bet365,Arsenal
Arsenal v Leeds United,Cristhian Mosquera,0.5,1.66,NA,Player Shots,Bet365,Arsenal
Arsenal v Leeds United,Cristhian Mosquera,1.5,4,NA,Player Shots,Bet365,Arsenal
Arsenal v Leeds United,Cristhian Mosquera,2.5,11,NA,Player Shots,Bet365,Arsenal
Arsenal v Leeds United,Cristhian Mosquera,3.5,NA,NA,Player Shots,Bet365,Arsenal
Arsenal v Leeds United,Daniel James,0.5,1.4,2.75,Player Shots,Bet365,NA
Arsenal v Leeds United,Daniel James,0.5,1.4,NA,Player Shots,Bet365,NA
Arsenal v Leeds United,Daniel James,1.5,2.75,NA,Player Shots,Bet365,NA
Arsenal v Leeds United,Daniel James,2.5,7,NA,Player Shots,Bet365,NA
Arsenal v Leeds United,Daniel James,3.5,17,NA,Player Shots,Bet365,NA
Arsenal v Leeds United,Declan Rice,0.5,1.14,NA,Player Shots,Bet365,Arsenal
Arsenal v Leeds United,Declan Rice,1.5,1.66,2.1,Player Shots,Bet365,Arsenal
Arsenal v Leeds United,Declan Rice,1.5,1.66,NA,Player Shots,Bet365,Arsenal
Arsenal v Leeds United,Declan Rice,2.5,3,NA,Player Shots,Bet365,Arsenal
Arsenal v Leeds United,Declan Rice,3.5,6,NA,Player Shots,Bet365,Arsenal
Arsenal v Leeds United,Degnand Gnonto,0.5,1.33,NA,Player Shots,Bet365,NA
Arsenal v Leeds United,Degnand Gnonto,1.5,2.5,1.5,Player Shots,Bet365,NA
Arsenal v Leeds United,Degnand Gnonto,1.5,2.5,NA,Player Shots,Bet365,NA
Arsenal v Leeds United,Degnand Gnonto,2.5,5.5,NA,Player Shots,Bet365,NA
Arsenal v Leeds United,Degnand Gnonto,3.5,15,NA,Player Shots,Bet365,NA
Arsenal v Leeds United,Dominic Calvert-Lewin,0.5,1.18,NA,Player Shots,Bet365,NA
Arsenal v Leeds United,Dominic Calvert-Lewin,1.5,1.8,NA,Player Shots,Bet365,NA
Arsenal v Leeds United,Dominic Calvert-Lewin,2.5,3.4,NA,Player Shots,Bet365,NA
Arsenal v Leeds United,Dominic Calvert-Lewin,3.5,7,NA,Player Shots,Bet365,NA
Arsenal v Leeds United,Ethan Nwaneri,0.5,1.025,NA,Player Shots,Bet365,Arsenal
Arsenal v Leeds United,Ethan Nwaneri,1.5,1.16,NA,Player Shots,Bet365,Arsenal
Arsenal v Leeds United,Ethan Nwaneri,2.5,1.5,NA,Player Shots,Bet365,Arsenal
Arsenal v Leeds United,Ethan Nwaneri,3.5,2.2,NA,Player Shots,Bet365,Arsenal
Arsenal v Leeds United,Gabriel Gudmundsson,0.5,2.1,NA,Player Shots,Bet365,NA
Arsenal v Leeds United,Gabriel Gudmundsson,1.5,6.5,NA,Player Shots,Bet365,NA
Arsenal v Leeds United,Gabriel Gudmundsson,2.5,19,NA,Player Shots,Bet365,NA
Arsenal v Leeds United,Gabriel Gudmundsson,3.5,NA,NA,Player Shots,Bet365,NA
Arsenal v Leeds United,Gabriel Magalh<c3><a3>es,0.5,1.33,NA,Player Shots,Bet365,NA
Arsenal v Leeds United,Gabriel Magalh<c3><a3>es,1.5,2.37,NA,Player Shots,Bet365,NA
Arsenal v Leeds United,Gabriel Magalh<c3><a3>es,2.5,5.5,NA,Player Shots,Bet365,NA
Arsenal v Leeds United,Gabriel Magalh<c3><a3>es,3.5,13,NA,Player Shots,Bet365,NA
Arsenal v Leeds United,Gabriel Martinelli,0.5,1.04,NA,Player Shots,Bet365,Arsenal
Arsenal v Leeds United,Gabriel Martinelli,1.5,1.22,NA,Player Shots,Bet365,Arsenal
Arsenal v Leeds United,Gabriel Martinelli,2.5,1.66,2.1,Player Shots,Bet365,Arsenal
Arsenal v Leeds United,Gabriel Martinelli,2.5,1.66,NA,Player Shots,Bet365,Arsenal
Arsenal v Leeds United,Gabriel Martinelli,3.5,2.62,NA,Player Shots,Bet365,Arsenal
Arsenal v Leeds United,Harry Gray,0.5,1.4,NA,Player Shots,Bet365,NA
Arsenal v Leeds United,Harry Gray,1.5,2.62,NA,Player Shots,Bet365,NA
Arsenal v Leeds United,Harry Gray,2.5,6,NA,Player Shots,Bet365,NA
Arsenal v Leeds United,Harry Gray,3.5,15,NA,Player Shots,Bet365,NA
Arsenal v Leeds United,Ilia Gruev,0.5,2.1,NA,Player Shots,Bet365,NA
Arsenal v Leeds United,Ilia Gruev,1.5,6.5,NA,Player Shots,Bet365,NA
Arsenal v Leeds United,Ilia Gruev,2.5,19,NA,Player Shots,Bet365,NA
Arsenal v Leeds United,Ilia Gruev,3.5,NA,NA,Player Shots,Bet365,NA
Arsenal v Leeds United,Isaac Schmidt,0.5,2.37,NA,Player Shots,Bet365,NA
Arsenal v Leeds United,Isaac Schmidt,1.5,8,NA,Player Shots,Bet365,NA
Arsenal v Leeds United,Isaac Schmidt,2.5,21,NA,Player Shots,Bet365,NA
Arsenal v Leeds United,Isaac Schmidt,3.5,NA,NA,Player Shots,Bet365,NA
Arsenal v Leeds United,Jack Harrison,0.5,1.5,NA,Player Shots,Bet365,NA
Arsenal v Leeds United,Jack Harrison,1.5,3.25,NA,Player Shots,Bet365,NA
Arsenal v Leeds United,Jack Harrison,2.5,8,NA,Player Shots,Bet365,NA
Arsenal v Leeds United,Jack Harrison,3.5,21,NA,Player Shots,Bet365,NA
Arsenal v Leeds United,Jaka Bijol,0.5,2.2,NA,Player Shots,Bet365,NA
Arsenal v Leeds United,Jaka Bijol,1.5,7,NA,Player Shots,Bet365,NA
Arsenal v Leeds United,Jaka Bijol,2.5,21,NA,Player Shots,Bet365,NA
Arsenal v Leeds United,Jaka Bijol,3.5,NA,NA,Player Shots,Bet365,NA
Arsenal v Leeds United,Jakub Kiwior,0.5,2,NA,Player Shots,Bet365,Arsenal
Arsenal v Leeds United,Jakub Kiwior,1.5,5.5,NA,Player Shots,Bet365,Arsenal
Arsenal v Leeds United,Jakub Kiwior,2.5,19,NA,Player Shots,Bet365,Arsenal
Arsenal v Leeds United,Jakub Kiwior,3.5,NA,NA,Player Shots,Bet365,Arsenal
Arsenal v Leeds United,Jayden Bogle,0.5,1.83,NA,Player Shots,Bet365,NA
Arsenal v Leeds United,Jayden Bogle,1.5,5,NA,Player Shots,Bet365,NA
Arsenal v Leeds United,Jayden Bogle,2.5,15,NA,Player Shots,Bet365,NA
Arsenal v Leeds United,Jayden Bogle,3.5,NA,NA,Player Shots,Bet365,NA
Arsenal v Leeds United,Joe Rodon,0.5,4.33,1.2,Player Shots,Bet365,NA
Arsenal v Leeds United,Joe Rodon,0.5,4.33,NA,Player Shots,Bet365,NA
Arsenal v Leeds United,Joe Rodon,1.5,21,NA,Player Shots,Bet365,NA
Arsenal v Leeds United,Joe Rodon,2.5,NA,NA,Player Shots,Bet365,NA
Arsenal v Leeds United,Joe Rodon,3.5,NA,NA,Player Shots,Bet365,NA
Arsenal v Leeds United,Joel Piroe,0.5,1.33,NA,Player Shots,Bet365,NA
Arsenal v Leeds United,Joel Piroe,1.5,2.5,1.5,Player Shots,Bet365,NA
Arsenal v Leeds United,Joel Piroe,1.5,2.5,NA,Player Shots,Bet365,NA
Arsenal v Leeds United,Joel Piroe,2.5,5.5,NA,Player Shots,Bet365,NA
Arsenal v Leeds United,Joel Piroe,3.5,15,NA,Player Shots,Bet365,NA
Arsenal v Leeds United,Jurrien Timber,0.5,1.83,NA,Player Shots,Bet365,Arsenal
Arsenal v Leeds United,Jurrien Timber,1.5,5,NA,Player Shots,Bet365,Arsenal
Arsenal v Leeds United,Jurrien Timber,2.5,15,NA,Player Shots,Bet365,Arsenal
Arsenal v Leeds United,Jurrien Timber,3.5,NA,NA,Player Shots,Bet365,Arsenal
Arsenal v Leeds United,Largie Ramazani,0.5,1.53,NA,Player Shots,Bet365,NA
Arsenal v Leeds United,Largie Ramazani,1.5,3.4,NA,Player Shots,Bet365,NA
Arsenal v Leeds United,Largie Ramazani,2.5,9,NA,Player Shots,Bet365,NA
Arsenal v Leeds United,Largie Ramazani,3.5,21,NA,Player Shots,Bet365,NA
Arsenal v Leeds United,Leandro Trossard,0.5,1.025,NA,Player Shots,Bet365,Arsenal
Arsenal v Leeds United,Leandro Trossard,1.5,1.16,NA,Player Shots,Bet365,Arsenal
Arsenal v Leeds United,Leandro Trossard,2.5,1.5,NA,Player Shots,Bet365,Arsenal
Arsenal v Leeds United,Leandro Trossard,3.5,2.2,NA,Player Shots,Bet365,Arsenal
Arsenal v Leeds United,Lukas Nmecha,0.5,1.14,NA,Player Shots,Bet365,NA
Arsenal v Leeds United,Lukas Nmecha,1.5,1.66,NA,Player Shots,Bet365,NA
Arsenal v Leeds United,Lukas Nmecha,2.5,2.75,NA,Player Shots,Bet365,NA
Arsenal v Leeds United,Lukas Nmecha,3.5,6,NA,Player Shots,Bet365,NA
Arsenal v Leeds United,Martin <c3><98>degaard,0.5,1.071,NA,Player Shots,Bet365,NA
Arsenal v Leeds United,Martin <c3><98>degaard,1.5,1.4,NA,Player Shots,Bet365,NA
Arsenal v Leeds United,Martin <c3><98>degaard,2.5,2.1,1.66,Player Shots,Bet365,NA
Arsenal v Leeds United,Martin <c3><98>degaard,2.5,2.1,NA,Player Shots,Bet365,NA
Arsenal v Leeds United,Martin <c3><98>degaard,3.5,3.75,NA,Player Shots,Bet365,NA
Arsenal v Leeds United,Martin Zubimendi,0.5,1.33,NA,Player Shots,Bet365,NA
Arsenal v Leeds United,Martin Zubimendi,1.5,2.37,NA,Player Shots,Bet365,NA
Arsenal v Leeds United,Martin Zubimendi,2.5,5.5,NA,Player Shots,Bet365,NA
Arsenal v Leeds United,Martin Zubimendi,3.5,13,NA,Player Shots,Bet365,NA
Arsenal v Leeds United,Max Dowman,0.5,1.05,NA,Player Shots,Bet365,NA
Arsenal v Leeds United,Max Dowman,1.5,1.25,NA,Player Shots,Bet365,NA
Arsenal v Leeds United,Max Dowman,2.5,1.72,NA,Player Shots,Bet365,NA
Arsenal v Leeds United,Max Dowman,3.5,2.75,NA,Player Shots,Bet365,NA
Arsenal v Leeds United,Mikel Merino,0.5,1.025,NA,Player Shots,Bet365,Arsenal
Arsenal v Leeds United,Mikel Merino,1.5,1.16,NA,Player Shots,Bet365,Arsenal
Arsenal v Leeds United,Mikel Merino,2.5,1.5,NA,Player Shots,Bet365,Arsenal
Arsenal v Leeds United,Mikel Merino,3.5,2.2,NA,Player Shots,Bet365,Arsenal
Arsenal v Leeds United,Myles Lewis-Skelly,0.5,1.57,NA,Player Shots,Bet365,Arsenal
Arsenal v Leeds United,Myles Lewis-Skelly,1.5,3.5,NA,Player Shots,Bet365,Arsenal
Arsenal v Leeds United,Myles Lewis-Skelly,2.5,10,NA,Player Shots,Bet365,Arsenal
Arsenal v Leeds United,Myles Lewis-Skelly,3.5,21,NA,Player Shots,Bet365,Arsenal
Arsenal v Leeds United,Noah Okafor,0.5,1.33,NA,Player Shots,Bet365,NA
Arsenal v Leeds United,Noah Okafor,1.5,2.37,NA,Player Shots,Bet365,NA
Arsenal v Leeds United,Noah Okafor,2.5,5.5,NA,Player Shots,Bet365,NA
Arsenal v Leeds United,Noah Okafor,3.5,13,NA,Player Shots,Bet365,NA
Arsenal v Leeds United,Noni Madueke,0.5,1.025,NA,Player Shots,Bet365,Arsenal
Arsenal v Leeds United,Noni Madueke,1.5,1.16,NA,Player Shots,Bet365,Arsenal
Arsenal v Leeds United,Noni Madueke,2.5,1.53,NA,Player Shots,Bet365,Arsenal
Arsenal v Leeds United,Noni Madueke,3.5,2.2,NA,Player Shots,Bet365,Arsenal
Arsenal v Leeds United,Oleksandr Zinchenko,0.5,1.25,NA,Player Shots,Bet365,Arsenal
Arsenal v Leeds United,Oleksandr Zinchenko,1.5,2.1,NA,Player Shots,Bet365,Arsenal
Arsenal v Leeds United,Oleksandr Zinchenko,2.5,4.33,NA,Player Shots,Bet365,Arsenal
Arsenal v Leeds United,Oleksandr Zinchenko,3.5,11,NA,Player Shots,Bet365,Arsenal
Arsenal v Leeds United,Pascal Struijk,0.5,2,NA,Player Shots,Bet365,NA
Arsenal v Leeds United,Pascal Struijk,1.5,6,NA,Player Shots,Bet365,NA
Arsenal v Leeds United,Pascal Struijk,2.5,19,NA,Player Shots,Bet365,NA
Arsenal v Leeds United,Pascal Struijk,3.5,NA,NA,Player Shots,Bet365,NA
Arsenal v Leeds United,Reiss Nelson,0.5,1.05,NA,Player Shots,Bet365,Arsenal
Arsenal v Leeds United,Reiss Nelson,1.5,1.25,NA,Player Shots,Bet365,Arsenal
Arsenal v Leeds United,Reiss Nelson,2.5,1.72,NA,Player Shots,Bet365,Arsenal
Arsenal v Leeds United,Reiss Nelson,3.5,2.75,NA,Player Shots,Bet365,Arsenal
Arsenal v Leeds United,Rhys Chadwick,0.5,2.37,NA,Player Shots,Bet365,NA
Arsenal v Leeds United,Rhys Chadwick,1.5,8,NA,Player Shots,Bet365,NA
Arsenal v Leeds United,Rhys Chadwick,2.5,21,NA,Player Shots,Bet365,NA
Arsenal v Leeds United,Rhys Chadwick,3.5,NA,NA,Player Shots,Bet365,NA
Arsenal v Leeds United,Riccardo Calafiori,0.5,1.83,NA,Player Shots,Bet365,Arsenal
Arsenal v Leeds United,Riccardo Calafiori,1.5,5,NA,Player Shots,Bet365,Arsenal
Arsenal v Leeds United,Riccardo Calafiori,2.5,15,NA,Player Shots,Bet365,Arsenal
Arsenal v Leeds United,Riccardo Calafiori,3.5,NA,NA,Player Shots,Bet365,Arsenal
Arsenal v Leeds United,Sam Byram,0.5,3.5,NA,Player Shots,Bet365,NA
Arsenal v Leeds United,Sam Byram,1.5,15,NA,Player Shots,Bet365,NA
Arsenal v Leeds United,Sam Byram,2.5,NA,NA,Player Shots,Bet365,NA
Arsenal v Leeds United,Sam Byram,3.5,NA,NA,Player Shots,Bet365,NA
Arsenal v Leeds United,Sean Longstaff,0.5,2.37,NA,Player Shots,Bet365,NA
Arsenal v Leeds United,Sean Longstaff,1.5,8,NA,Player Shots,Bet365,NA
Arsenal v Leeds United,Sean Longstaff,2.5,21,NA,Player Shots,Bet365,NA
Arsenal v Leeds United,Sean Longstaff,3.5,NA,NA,Player Shots,Bet365,NA
Arsenal v Leeds United,Sebastiaan Bornauw,0.5,2.2,NA,Player Shots,Bet365,NA
Arsenal v Leeds United,Sebastiaan Bornauw,1.5,7,NA,Player Shots,Bet365,NA
Arsenal v Leeds United,Sebastiaan Bornauw,2.5,21,NA,Player Shots,Bet365,NA
Arsenal v Leeds United,Sebastiaan Bornauw,3.5,NA,NA,Player Shots,Bet365,NA
Arsenal v Leeds United,Viktor Gyokeres,0.5,1.012,NA,Player Shots,Bet365,NA
Arsenal v Leeds United,Viktor Gyokeres,1.5,1.1,NA,Player Shots,Bet365,NA
Arsenal v Leeds United,Viktor Gyokeres,2.5,1.33,NA,Player Shots,Bet365,NA
Arsenal v Leeds United,Viktor Gyokeres,3.5,1.8,1.9,Player Shots,Bet365,NA
Arsenal v Leeds United,Viktor Gyokeres,3.5,1.8,NA,Player Shots,Bet365,NA
Arsenal v Leeds United,William Saliba,0.5,3.5,1.28,Player Shots,Bet365,Arsenal
Arsenal v Leeds United,William Saliba,0.5,3.5,NA,Player Shots,Bet365,Arsenal
Arsenal v Leeds United,William Saliba,1.5,15,NA,Player Shots,Bet365,Arsenal
Arsenal v Leeds United,William Saliba,2.5,NA,NA,Player Shots,Bet365,Arsenal
Arsenal v Leeds United,William Saliba,3.5,NA,NA,Player Shots,Bet365,Arsenal
Everton v Brighton & Hove Albion,Adam Aznou,0.5,1.83,NA,Player Shots,Bet365,Everton
Everton v Brighton & Hove Albion,Adam Aznou,1.5,5,NA,Player Shots,Bet365,Everton
Everton v Brighton & Hove Albion,Adam Aznou,2.5,15,NA,Player Shots,Bet365,Everton
Everton v Brighton & Hove Albion,Adam Aznou,3.5,NA,NA,Player Shots,Bet365,Everton
Everton v Brighton & Hove Albion,Beto,0.5,1.04,NA,Player Shots,Bet365,Everton
Everton v Brighton & Hove Albion,Beto,1.5,1.25,NA,Player Shots,Bet365,Everton
Everton v Brighton & Hove Albion,Beto,2.5,1.72,2,Player Shots,Bet365,Everton
Everton v Brighton & Hove Albion,Beto,2.5,1.72,NA,Player Shots,Bet365,Everton
Everton v Brighton & Hove Albion,Beto,3.5,2.75,NA,Player Shots,Bet365,Everton
Everton v Brighton & Hove Albion,Brajan Gruda,0.5,1.33,NA,Player Shots,Bet365,Brighton & Hove Albion
Everton v Brighton & Hove Albion,Brajan Gruda,1.5,2.37,NA,Player Shots,Bet365,Brighton & Hove Albion
Everton v Brighton & Hove Albion,Brajan Gruda,2.5,5.5,NA,Player Shots,Bet365,Brighton & Hove Albion
Everton v Brighton & Hove Albion,Brajan Gruda,3.5,13,NA,Player Shots,Bet365,Brighton & Hove Albion
Everton v Brighton & Hove Albion,Carlos Alcaraz,0.5,1.14,NA,Player Shots,Bet365,Everton
Everton v Brighton & Hove Albion,Carlos Alcaraz,1.5,1.66,2.1,Player Shots,Bet365,Everton
Everton v Brighton & Hove Albion,Carlos Alcaraz,1.5,1.66,NA,Player Shots,Bet365,Everton
Everton v Brighton & Hove Albion,Carlos Alcaraz,2.5,3,NA,Player Shots,Bet365,Everton
Everton v Brighton & Hove Albion,Carlos Alcaraz,3.5,6,NA,Player Shots,Bet365,Everton
Everton v Brighton & Hove Albion,Carlos Baleba,0.5,1.36,NA,Player Shots,Bet365,Brighton & Hove Albion
Everton v Brighton & Hove Albion,Carlos Baleba,1.5,2.62,1.44,Player Shots,Bet365,Brighton & Hove Albion
Everton v Brighton & Hove Albion,Carlos Baleba,1.5,2.62,NA,Player Shots,Bet365,Brighton & Hove Albion
Everton v Brighton & Hove Albion,Carlos Baleba,2.5,6,NA,Player Shots,Bet365,Brighton & Hove Albion
Everton v Brighton & Hove Albion,Carlos Baleba,3.5,15,NA,Player Shots,Bet365,Brighton & Hove Albion
Everton v Brighton & Hove Albion,Charalambos Kostoulas,0.5,1.04,NA,Player Shots,Bet365,NA
Everton v Brighton & Hove Albion,Charalambos Kostoulas,1.5,1.25,NA,Player Shots,Bet365,NA
Everton v Brighton & Hove Albion,Charalambos Kostoulas,2.5,1.72,NA,Player Shots,Bet365,NA
Everton v Brighton & Hove Albion,Charalambos Kostoulas,3.5,2.75,NA,Player Shots,Bet365,NA
Everton v Brighton & Hove Albion,Danny Welbeck,0.5,1.083,NA,Player Shots,Bet365,Brighton & Hove Albion
Everton v Brighton & Hove Albion,Danny Welbeck,1.5,1.4,NA,Player Shots,Bet365,Brighton & Hove Albion
Everton v Brighton & Hove Albion,Danny Welbeck,2.5,2.2,1.61,Player Shots,Bet365,Brighton & Hove Albion
Everton v Brighton & Hove Albion,Danny Welbeck,2.5,2.2,NA,Player Shots,Bet365,Brighton & Hove Albion
Everton v Brighton & Hove Albion,Danny Welbeck,3.5,4,NA,Player Shots,Bet365,Brighton & Hove Albion
Everton v Brighton & Hove Albion,Diego Coppola,0.5,1.83,NA,Player Shots,Bet365,Brighton & Hove Albion
Everton v Brighton & Hove Albion,Diego Coppola,1.5,5,NA,Player Shots,Bet365,Brighton & Hove Albion
Everton v Brighton & Hove Albion,Diego Coppola,2.5,15,NA,Player Shots,Bet365,Brighton & Hove Albion
Everton v Brighton & Hove Albion,Diego Coppola,3.5,NA,NA,Player Shots,Bet365,Brighton & Hove Albion
Everton v Brighton & Hove Albion,Diego Gomez,0.5,1.2,NA,Player Shots,Bet365,NA
Everton v Brighton & Hove Albion,Diego Gomez,1.5,1.83,NA,Player Shots,Bet365,NA
Everton v Brighton & Hove Albion,Diego Gomez,2.5,3.75,NA,Player Shots,Bet365,NA
Everton v Brighton & Hove Albion,Diego Gomez,3.5,8,NA,Player Shots,Bet365,NA
Everton v Brighton & Hove Albion,Dwight McNeil,0.5,1.2,NA,Player Shots,Bet365,Everton
Everton v Brighton & Hove Albion,Dwight McNeil,1.5,1.83,NA,Player Shots,Bet365,Everton
Everton v Brighton & Hove Albion,Dwight McNeil,2.5,3.75,NA,Player Shots,Bet365,Everton
Everton v Brighton & Hove Albion,Dwight McNeil,3.5,8,NA,Player Shots,Bet365,Everton
Everton v Brighton & Hove Albion,Ferdi ,0.5,1.66,NA,Player Shots,Bet365,NA
Everton v Brighton & Hove Albion,Ferdi ,1.5,4,NA,Player Shots,Bet365,NA
Everton v Brighton & Hove Albion,Ferdi ,2.5,11,NA,Player Shots,Bet365,NA
Everton v Brighton & Hove Albion,Ferdi ,3.5,NA,NA,Player Shots,Bet365,NA
Everton v Brighton & Hove Albion,Georginio Rutter,0.5,1.062,NA,Player Shots,Bet365,Brighton & Hove Albion
Everton v Brighton & Hove Albion,Georginio Rutter,1.5,1.33,NA,Player Shots,Bet365,Brighton & Hove Albion
Everton v Brighton & Hove Albion,Georginio Rutter,2.5,1.9,1.8,Player Shots,Bet365,Brighton & Hove Albion
Everton v Brighton & Hove Albion,Georginio Rutter,2.5,1.9,NA,Player Shots,Bet365,Brighton & Hove Albion
Everton v Brighton & Hove Albion,Georginio Rutter,3.5,3.4,NA,Player Shots,Bet365,Brighton & Hove Albion
Everton v Brighton & Hove Albion,Harrison Armstrong,0.5,1.61,NA,Player Shots,Bet365,Everton
Everton v Brighton & Hove Albion,Harrison Armstrong,1.5,3.75,NA,Player Shots,Bet365,Everton
Everton v Brighton & Hove Albion,Harrison Armstrong,2.5,11,NA,Player Shots,Bet365,Everton
Everton v Brighton & Hove Albion,Harrison Armstrong,3.5,21,NA,Player Shots,Bet365,Everton
Everton v Brighton & Hove Albion,Idrissa Gueye,0.5,1.72,2,Player Shots,Bet365,Everton
Everton v Brighton & Hove Albion,Idrissa Gueye,0.5,1.72,NA,Player Shots,Bet365,Everton
Everton v Brighton & Hove Albion,Idrissa Gueye,1.5,4.33,NA,Player Shots,Bet365,Everton
Everton v Brighton & Hove Albion,Idrissa Gueye,2.5,13,NA,Player Shots,Bet365,Everton
Everton v Brighton & Hove Albion,Idrissa Gueye,3.5,NA,NA,Player Shots,Bet365,Everton
Everton v Brighton & Hove Albion,Igor,0.5,2.25,NA,Player Shots,Bet365,Brighton & Hove Albion
Everton v Brighton & Hove Albion,Igor,1.5,8,NA,Player Shots,Bet365,Brighton & Hove Albion
Everton v Brighton & Hove Albion,Igor,2.5,21,NA,Player Shots,Bet365,Brighton & Hove Albion
Everton v Brighton & Hove Albion,Igor,3.5,NA,NA,Player Shots,Bet365,Brighton & Hove Albion
Everton v Brighton & Hove Albion,Iliman-Cheikh Ndiaye,0.5,1.22,NA,Player Shots,Bet365,NA
Everton v Brighton & Hove Albion,Iliman-Cheikh Ndiaye,1.5,1.9,1.8,Player Shots,Bet365,NA
Everton v Brighton & Hove Albion,Iliman-Cheikh Ndiaye,1.5,1.9,NA,Player Shots,Bet365,NA
Everton v Brighton & Hove Albion,Iliman-Cheikh Ndiaye,2.5,3.75,NA,Player Shots,Bet365,NA
Everton v Brighton & Hove Albion,Iliman-Cheikh Ndiaye,3.5,9,NA,Player Shots,Bet365,NA
Everton v Brighton & Hove Albion,Isaac Heath,0.5,1.16,NA,Player Shots,Bet365,NA
Everton v Brighton & Hove Albion,Isaac Heath,1.5,1.8,NA,Player Shots,Bet365,NA
Everton v Brighton & Hove Albion,Isaac Heath,2.5,3.4,NA,Player Shots,Bet365,NA
Everton v Brighton & Hove Albion,Isaac Heath,3.5,7,NA,Player Shots,Bet365,NA
Everton v Brighton & Hove Albion,Jack Grealish,0.5,1.16,NA,Player Shots,Bet365,Everton
Everton v Brighton & Hove Albion,Jack Grealish,1.5,1.72,NA,Player Shots,Bet365,Everton
Everton v Brighton & Hove Albion,Jack Grealish,2.5,3.25,NA,Player Shots,Bet365,Everton
Everton v Brighton & Hove Albion,Jack Grealish,3.5,6.5,NA,Player Shots,Bet365,Everton
Everton v Brighton & Hove Albion,Jack Hinshelwood,0.5,1.72,NA,Player Shots,Bet365,Brighton & Hove Albion
Everton v Brighton & Hove Albion,Jack Hinshelwood,1.5,4.33,NA,Player Shots,Bet365,Brighton & Hove Albion
Everton v Brighton & Hove Albion,Jack Hinshelwood,2.5,13,NA,Player Shots,Bet365,Brighton & Hove Albion
Everton v Brighton & Hove Albion,Jack Hinshelwood,3.5,NA,NA,Player Shots,Bet365,Brighton & Hove Albion
Everton v Brighton & Hove Albion,Jake O'Brien,0.5,2.25,NA,Player Shots,Bet365,Everton
Everton v Brighton & Hove Albion,Jake O'Brien,1.5,8,NA,Player Shots,Bet365,Everton
Everton v Brighton & Hove Albion,Jake O'Brien,2.5,21,NA,Player Shots,Bet365,Everton
Everton v Brighton & Hove Albion,Jake O'Brien,3.5,NA,NA,Player Shots,Bet365,Everton
Everton v Brighton & Hove Albion,James Garner,0.5,1.61,NA,Player Shots,Bet365,Everton
Everton v Brighton & Hove Albion,James Garner,1.5,3.75,NA,Player Shots,Bet365,Everton
Everton v Brighton & Hove Albion,James Garner,2.5,11,NA,Player Shots,Bet365,Everton
Everton v Brighton & Hove Albion,James Garner,3.5,21,NA,Player Shots,Bet365,Everton
Everton v Brighton & Hove Albion,James Milner,0.5,1.66,NA,Player Shots,Bet365,Brighton & Hove Albion
Everton v Brighton & Hove Albion,James Milner,1.5,4,NA,Player Shots,Bet365,Brighton & Hove Albion
Everton v Brighton & Hove Albion,James Milner,2.5,11,NA,Player Shots,Bet365,Brighton & Hove Albion
Everton v Brighton & Hove Albion,James Milner,3.5,NA,NA,Player Shots,Bet365,Brighton & Hove Albion
Everton v Brighton & Hove Albion,James Tarkowski,0.5,1.72,NA,Player Shots,Bet365,Everton
Everton v Brighton & Hove Albion,James Tarkowski,1.5,4.33,NA,Player Shots,Bet365,Everton
Everton v Brighton & Hove Albion,James Tarkowski,2.5,13,NA,Player Shots,Bet365,Everton
Everton v Brighton & Hove Albion,James Tarkowski,3.5,NA,NA,Player Shots,Bet365,Everton
Everton v Brighton & Hove Albion,Jan Paul van Hecke,0.5,2.5,NA,Player Shots,Bet365,Brighton & Hove Albion
Everton v Brighton & Hove Albion,Jan Paul van Hecke,1.5,9,NA,Player Shots,Bet365,Brighton & Hove Albion
Everton v Brighton & Hove Albion,Jan Paul van Hecke,2.5,NA,NA,Player Shots,Bet365,Brighton & Hove Albion
Everton v Brighton & Hove Albion,Jan Paul van Hecke,3.5,NA,NA,Player Shots,Bet365,Brighton & Hove Albion
Everton v Brighton & Hove Albion,Jarrad Branthwaite,0.5,2.5,NA,Player Shots,Bet365,Everton
Everton v Brighton & Hove Albion,Jarrad Branthwaite,1.5,9,NA,Player Shots,Bet365,Everton
Everton v Brighton & Hove Albion,Jarrad Branthwaite,2.5,NA,NA,Player Shots,Bet365,Everton
Everton v Brighton & Hove Albion,Jarrad Branthwaite,3.5,NA,NA,Player Shots,Bet365,Everton
Everton v Brighton & Hove Albion,Jo<c3><ab>l Veltman,0.5,2.5,NA,Player Shots,Bet365,NA
Everton v Brighton & Hove Albion,Jo<c3><ab>l Veltman,1.5,9,NA,Player Shots,Bet365,NA
Everton v Brighton & Hove Albion,Jo<c3><ab>l Veltman,2.5,NA,NA,Player Shots,Bet365,NA
Everton v Brighton & Hove Albion,Jo<c3><ab>l Veltman,3.5,NA,NA,Player Shots,Bet365,NA
Everton v Brighton & Hove Albion,Julio Enciso,0.5,1.03,NA,Player Shots,Bet365,Brighton & Hove Albion
Everton v Brighton & Hove Albion,Julio Enciso,1.5,1.2,NA,Player Shots,Bet365,Brighton & Hove Albion
Everton v Brighton & Hove Albion,Julio Enciso,2.5,1.57,NA,Player Shots,Bet365,Brighton & Hove Albion
Everton v Brighton & Hove Albion,Julio Enciso,3.5,2.37,NA,Player Shots,Bet365,Brighton & Hove Albion
Everton v Brighton & Hove Albion,Justin Clarke,0.5,1.5,NA,Player Shots,Bet365,NA
Everton v Brighton & Hove Albion,Justin Clarke,1.5,3.4,NA,Player Shots,Bet365,NA
Everton v Brighton & Hove Albion,Justin Clarke,2.5,9,NA,Player Shots,Bet365,NA
Everton v Brighton & Hove Albion,Justin Clarke,3.5,21,NA,Player Shots,Bet365,NA
Everton v Brighton & Hove Albion,Kaoru Mitoma,0.5,1.14,NA,Player Shots,Bet365,Brighton & Hove Albion
Everton v Brighton & Hove Albion,Kaoru Mitoma,1.5,1.66,2.1,Player Shots,Bet365,Brighton & Hove Albion
Everton v Brighton & Hove Albion,Kaoru Mitoma,1.5,1.66,NA,Player Shots,Bet365,Brighton & Hove Albion
Everton v Brighton & Hove Albion,Kaoru Mitoma,2.5,3,NA,Player Shots,Bet365,Brighton & Hove Albion
Everton v Brighton & Hove Albion,Kaoru Mitoma,3.5,6,NA,Player Shots,Bet365,Brighton & Hove Albion
Everton v Brighton & Hove Albion,Kiernan Dewsbury-Hall,0.5,1.3,NA,Player Shots,Bet365,Everton
Everton v Brighton & Hove Albion,Kiernan Dewsbury-Hall,1.5,2.25,1.57,Player Shots,Bet365,Everton
Everton v Brighton & Hove Albion,Kiernan Dewsbury-Hall,1.5,2.25,NA,Player Shots,Bet365,Everton
Everton v Brighton & Hove Albion,Kiernan Dewsbury-Hall,2.5,5,NA,Player Shots,Bet365,Everton
Everton v Brighton & Hove Albion,Kiernan Dewsbury-Hall,3.5,13,NA,Player Shots,Bet365,Everton
Everton v Brighton & Hove Albion,Lewis Dunk,0.5,1.72,NA,Player Shots,Bet365,Brighton & Hove Albion
Everton v Brighton & Hove Albion,Lewis Dunk,1.5,4.33,NA,Player Shots,Bet365,Brighton & Hove Albion
Everton v Brighton & Hove Albion,Lewis Dunk,2.5,13,NA,Player Shots,Bet365,Brighton & Hove Albion
Everton v Brighton & Hove Albion,Lewis Dunk,3.5,NA,NA,Player Shots,Bet365,Brighton & Hove Albion
Everton v Brighton & Hove Albion,Mats Wieffer,0.5,1.66,NA,Player Shots,Bet365,Brighton & Hove Albion
Everton v Brighton & Hove Albion,Mats Wieffer,1.5,4,NA,Player Shots,Bet365,Brighton & Hove Albion
Everton v Brighton & Hove Albion,Mats Wieffer,2.5,11,NA,Player Shots,Bet365,Brighton & Hove Albion
Everton v Brighton & Hove Albion,Mats Wieffer,3.5,NA,NA,Player Shots,Bet365,Brighton & Hove Albion
Everton v Brighton & Hove Albion,Matt O'Riley,0.5,1.18,NA,Player Shots,Bet365,Brighton & Hove Albion
Everton v Brighton & Hove Albion,Matt O'Riley,1.5,1.8,1.9,Player Shots,Bet365,Brighton & Hove Albion
Everton v Brighton & Hove Albion,Matt O'Riley,1.5,1.8,NA,Player Shots,Bet365,Brighton & Hove Albion
Everton v Brighton & Hove Albion,Matt O'Riley,2.5,3.4,NA,Player Shots,Bet365,Brighton & Hove Albion
Everton v Brighton & Hove Albion,Matt O'Riley,3.5,7,NA,Player Shots,Bet365,Brighton & Hove Albion
Everton v Brighton & Hove Albion,Maxim De Cuyper,0.5,1.44,NA,Player Shots,Bet365,Brighton & Hove Albion
Everton v Brighton & Hove Albion,Maxim De Cuyper,1.5,3,NA,Player Shots,Bet365,Brighton & Hove Albion
Everton v Brighton & Hove Albion,Maxim De Cuyper,2.5,7,NA,Player Shots,Bet365,Brighton & Hove Albion
Everton v Brighton & Hove Albion,Maxim De Cuyper,3.5,19,NA,Player Shots,Bet365,Brighton & Hove Albion
Everton v Brighton & Hove Albion,Michael Keane,0.5,1.83,NA,Player Shots,Bet365,Everton
Everton v Brighton & Hove Albion,Michael Keane,1.5,5,NA,Player Shots,Bet365,Everton
Everton v Brighton & Hove Albion,Michael Keane,2.5,15,NA,Player Shots,Bet365,Everton
Everton v Brighton & Hove Albion,Michael Keane,3.5,NA,NA,Player Shots,Bet365,Everton
Everton v Brighton & Hove Albion,Nathan Patterson,0.5,2.37,NA,Player Shots,Bet365,Everton
Everton v Brighton & Hove Albion,Nathan Patterson,1.5,8,NA,Player Shots,Bet365,Everton
Everton v Brighton & Hove Albion,Nathan Patterson,2.5,21,NA,Player Shots,Bet365,Everton
Everton v Brighton & Hove Albion,Nathan Patterson,3.5,NA,NA,Player Shots,Bet365,Everton
Everton v Brighton & Hove Albion,Olivier Boscagli,0.5,2.25,NA,Player Shots,Bet365,Brighton & Hove Albion
Everton v Brighton & Hove Albion,Olivier Boscagli,1.5,8,NA,Player Shots,Bet365,Brighton & Hove Albion
Everton v Brighton & Hove Albion,Olivier Boscagli,2.5,21,NA,Player Shots,Bet365,Brighton & Hove Albion
Everton v Brighton & Hove Albion,Olivier Boscagli,3.5,NA,NA,Player Shots,Bet365,Brighton & Hove Albion
Everton v Brighton & Hove Albion,S<c3><a9>amus Coleman,0.5,2.75,NA,Player Shots,Bet365,NA
Everton v Brighton & Hove Albion,S<c3><a9>amus Coleman,1.5,10,NA,Player Shots,Bet365,NA
Everton v Brighton & Hove Albion,S<c3><a9>amus Coleman,2.5,NA,NA,Player Shots,Bet365,NA
Everton v Brighton & Hove Albion,S<c3><a9>amus Coleman,3.5,NA,NA,Player Shots,Bet365,NA
Everton v Brighton & Hove Albion,Thierno Barry,0.5,1.12,NA,Player Shots,Bet365,Everton
Everton v Brighton & Hove Albion,Thierno Barry,1.5,1.57,2.25,Player Shots,Bet365,Everton
Everton v Brighton & Hove Albion,Thierno Barry,1.5,1.57,NA,Player Shots,Bet365,Everton
Everton v Brighton & Hove Albion,Thierno Barry,2.5,2.62,NA,Player Shots,Bet365,Everton
Everton v Brighton & Hove Albion,Thierno Barry,3.5,5,NA,Player Shots,Bet365,Everton
Everton v Brighton & Hove Albion,Timothy Iroegbunam,0.5,1.53,NA,Player Shots,Bet365,NA
Everton v Brighton & Hove Albion,Timothy Iroegbunam,1.5,3.4,NA,Player Shots,Bet365,NA
Everton v Brighton & Hove Albion,Timothy Iroegbunam,2.5,9,NA,Player Shots,Bet365,NA
Everton v Brighton & Hove Albion,Timothy Iroegbunam,3.5,21,NA,Player Shots,Bet365,NA
Everton v Brighton & Hove Albion,Tom Watson,0.5,1.1,NA,Player Shots,Bet365,Brighton & Hove Albion
Everton v Brighton & Hove Albion,Tom Watson,1.5,1.44,NA,Player Shots,Bet365,Brighton & Hove Albion
Everton v Brighton & Hove Albion,Tom Watson,2.5,2.25,NA,Player Shots,Bet365,Brighton & Hove Albion
Everton v Brighton & Hove Albion,Tom Watson,3.5,4.33,NA,Player Shots,Bet365,Brighton & Hove Albion
Everton v Brighton & Hove Albion,Tyler Onyango,0.5,1.61,NA,Player Shots,Bet365,NA
Everton v Brighton & Hove Albion,Tyler Onyango,1.5,3.75,NA,Player Shots,Bet365,NA
Everton v Brighton & Hove Albion,Tyler Onyango,2.5,11,NA,Player Shots,Bet365,NA
Everton v Brighton & Hove Albion,Tyler Onyango,3.5,21,NA,Player Shots,Bet365,NA
Everton v Brighton & Hove Albion,Vitaliy Mykolenko,0.5,2.5,NA,Player Shots,Bet365,Everton
Everton v Brighton & Hove Albion,Vitaliy Mykolenko,1.5,9,NA,Player Shots,Bet365,Everton
Everton v Brighton & Hove Albion,Vitaliy Mykolenko,2.5,NA,NA,Player Shots,Bet365,Everton
Everton v Brighton & Hove Albion,Vitaliy Mykolenko,3.5,NA,NA,Player Shots,Bet365,Everton
Everton v Brighton & Hove Albion,Yankuba Minteh,0.5,1.14,NA,Player Shots,Bet365,Brighton & Hove Albion
Everton v Brighton & Hove Albion,Yankuba Minteh,1.5,1.66,2.1,Player Shots,Bet365,Brighton & Hove Albion
Everton v Brighton & Hove Albion,Yankuba Minteh,1.5,1.66,NA,Player Shots,Bet365,Brighton & Hove Albion
Everton v Brighton & Hove Albion,Yankuba Minteh,2.5,3,NA,Player Shots,Bet365,Brighton & Hove Albion
Everton v Brighton & Hove Albion,Yankuba Minteh,3.5,6,NA,Player Shots,Bet365,Brighton & Hove Albion
Everton v Brighton & Hove Albion,Yasin Ayari,0.5,1.5,NA,Player Shots,Bet365,Brighton & Hove Albion
Everton v Brighton & Hove Albion,Yasin Ayari,1.5,3.4,NA,Player Shots,Bet365,Brighton & Hove Albion
Everton v Brighton & Hove Albion,Yasin Ayari,2.5,9,NA,Player Shots,Bet365,Brighton & Hove Albion
Everton v Brighton & Hove Albion,Yasin Ayari,3.5,21,NA,Player Shots,Bet365,Brighton & Hove Albion
Everton v Brighton & Hove Albion,Youssef Chermiti,0.5,1.11,NA,Player Shots,Bet365,Everton
Everton v Brighton & Hove Albion,Youssef Chermiti,1.5,1.53,NA,Player Shots,Bet365,Everton
Everton v Brighton & Hove Albion,Youssef Chermiti,2.5,2.5,NA,Player Shots,Bet365,Everton
Everton v Brighton & Hove Albion,Youssef Chermiti,3.5,4.5,NA,Player Shots,Bet365,Everton
Fulham v Manchester United,Adama Traor<c3><a9>,0.5,1.22,NA,Player Shots,Bet365,NA
Fulham v Manchester United,Adama Traor<c3><a9>,1.5,1.9,1.8,Player Shots,Bet365,NA
Fulham v Manchester United,Adama Traor<c3><a9>,1.5,1.9,NA,Player Shots,Bet365,NA
Fulham v Manchester United,Adama Traor<c3><a9>,2.5,3.75,NA,Player Shots,Bet365,NA
Fulham v Manchester United,Adama Traor<c3><a9>,3.5,9,NA,Player Shots,Bet365,NA
Fulham v Manchester United,Alex Iwobi,0.5,1.14,NA,Player Shots,Bet365,Fulham
Fulham v Manchester United,Alex Iwobi,1.5,1.66,2.1,Player Shots,Bet365,Fulham
Fulham v Manchester United,Alex Iwobi,1.5,1.66,NA,Player Shots,Bet365,Fulham
Fulham v Manchester United,Alex Iwobi,2.5,3,NA,Player Shots,Bet365,Fulham
Fulham v Manchester United,Alex Iwobi,3.5,6,NA,Player Shots,Bet365,Fulham
Fulham v Manchester United,Amad Diallo,0.5,1.11,NA,Player Shots,Bet365,Manchester United
Fulham v Manchester United,Amad Diallo,1.5,1.53,2.37,Player Shots,Bet365,Manchester United
Fulham v Manchester United,Amad Diallo,1.5,1.53,NA,Player Shots,Bet365,Manchester United
Fulham v Manchester United,Amad Diallo,2.5,2.5,NA,Player Shots,Bet365,Manchester United
Fulham v Manchester United,Amad Diallo,3.5,5,NA,Player Shots,Bet365,Manchester United
Fulham v Manchester United,Benjamin Sesko,0.5,1.04,NA,Player Shots,Bet365,Manchester United
Fulham v Manchester United,Benjamin Sesko,1.5,1.25,NA,Player Shots,Bet365,Manchester United
Fulham v Manchester United,Benjamin Sesko,2.5,1.72,2,Player Shots,Bet365,Manchester United
Fulham v Manchester United,Benjamin Sesko,2.5,1.72,NA,Player Shots,Bet365,Manchester United
Fulham v Manchester United,Benjamin Sesko,3.5,2.75,NA,Player Shots,Bet365,Manchester United
Fulham v Manchester United,Bruno Fernandes,0.5,1.071,NA,Player Shots,Bet365,Manchester United
Fulham v Manchester United,Bruno Fernandes,1.5,1.36,NA,Player Shots,Bet365,Manchester United
Fulham v Manchester United,Bruno Fernandes,2.5,2,1.72,Player Shots,Bet365,Manchester United
Fulham v Manchester United,Bruno Fernandes,2.5,2,NA,Player Shots,Bet365,Manchester United
Fulham v Manchester United,Bruno Fernandes,3.5,3.5,NA,Player Shots,Bet365,Manchester United
Fulham v Manchester United,Bryan Mbeumo,0.5,1.071,NA,Player Shots,Bet365,Manchester United
Fulham v Manchester United,Bryan Mbeumo,1.5,1.36,NA,Player Shots,Bet365,Manchester United
Fulham v Manchester United,Bryan Mbeumo,2.5,2,1.72,Player Shots,Bet365,Manchester United
Fulham v Manchester United,Bryan Mbeumo,2.5,2,NA,Player Shots,Bet365,Manchester United
Fulham v Manchester United,Bryan Mbeumo,3.5,3.5,NA,Player Shots,Bet365,Manchester United
Fulham v Manchester United,Calvin Bassey,0.5,2.62,1.44,Player Shots,Bet365,Fulham
Fulham v Manchester United,Calvin Bassey,0.5,2.62,NA,Player Shots,Bet365,Fulham
Fulham v Manchester United,Calvin Bassey,1.5,10,NA,Player Shots,Bet365,Fulham
Fulham v Manchester United,Calvin Bassey,2.5,NA,NA,Player Shots,Bet365,Fulham
Fulham v Manchester United,Calvin Bassey,3.5,NA,NA,Player Shots,Bet365,Fulham
Fulham v Manchester United,Casemiro,0.5,1.28,NA,Player Shots,Bet365,Manchester United
Fulham v Manchester United,Casemiro,1.5,2.2,1.61,Player Shots,Bet365,Manchester United
Fulham v Manchester United,Casemiro,1.5,2.2,NA,Player Shots,Bet365,Manchester United
Fulham v Manchester United,Casemiro,2.5,4.5,NA,Player Shots,Bet365,Manchester United
Fulham v Manchester United,Casemiro,3.5,11,NA,Player Shots,Bet365,Manchester United
Fulham v Manchester United,Diogo Dalot,0.5,1.72,2,Player Shots,Bet365,Manchester United
Fulham v Manchester United,Diogo Dalot,0.5,1.72,NA,Player Shots,Bet365,Manchester United
Fulham v Manchester United,Diogo Dalot,1.5,4.33,NA,Player Shots,Bet365,Manchester United
Fulham v Manchester United,Diogo Dalot,2.5,13,NA,Player Shots,Bet365,Manchester United
Fulham v Manchester United,Diogo Dalot,3.5,NA,NA,Player Shots,Bet365,Manchester United
Fulham v Manchester United,Emile Smith Rowe,0.5,1.3,NA,Player Shots,Bet365,Fulham
Fulham v Manchester United,Emile Smith Rowe,1.5,2.25,1.57,Player Shots,Bet365,Fulham
Fulham v Manchester United,Emile Smith Rowe,1.5,2.25,NA,Player Shots,Bet365,Fulham
Fulham v Manchester United,Emile Smith Rowe,2.5,5,NA,Player Shots,Bet365,Fulham
Fulham v Manchester United,Emile Smith Rowe,3.5,11,NA,Player Shots,Bet365,Fulham
Fulham v Manchester United,Harry Maguire,0.5,1.8,1.9,Player Shots,Bet365,Manchester United
Fulham v Manchester United,Harry Maguire,0.5,1.8,NA,Player Shots,Bet365,Manchester United
Fulham v Manchester United,Harry Maguire,1.5,4.5,NA,Player Shots,Bet365,Manchester United
Fulham v Manchester United,Harry Maguire,2.5,13,NA,Player Shots,Bet365,Manchester United
Fulham v Manchester United,Harry Maguire,3.5,NA,NA,Player Shots,Bet365,Manchester United
Fulham v Manchester United,Harry Wilson,0.5,1.1,NA,Player Shots,Bet365,Fulham
Fulham v Manchester United,Harry Wilson,1.5,1.5,NA,Player Shots,Bet365,Fulham
Fulham v Manchester United,Harry Wilson,2.5,2.37,1.53,Player Shots,Bet365,Fulham
Fulham v Manchester United,Harry Wilson,2.5,2.37,NA,Player Shots,Bet365,Fulham
Fulham v Manchester United,Harry Wilson,3.5,4.33,NA,Player Shots,Bet365,Fulham
Fulham v Manchester United,Joachim Andersen,0.5,2,1.72,Player Shots,Bet365,Fulham
Fulham v Manchester United,Joachim Andersen,0.5,2,NA,Player Shots,Bet365,Fulham
Fulham v Manchester United,Joachim Andersen,1.5,6,NA,Player Shots,Bet365,Fulham
Fulham v Manchester United,Joachim Andersen,2.5,19,NA,Player Shots,Bet365,Fulham
Fulham v Manchester United,Joachim Andersen,3.5,NA,NA,Player Shots,Bet365,Fulham
Fulham v Manchester United,Jorge Cuenca,0.5,3.4,1.3,Player Shots,Bet365,Fulham
Fulham v Manchester United,Jorge Cuenca,0.5,3.4,NA,Player Shots,Bet365,Fulham
Fulham v Manchester United,Jorge Cuenca,1.5,15,NA,Player Shots,Bet365,Fulham
Fulham v Manchester United,Jorge Cuenca,2.5,NA,NA,Player Shots,Bet365,Fulham
Fulham v Manchester United,Jorge Cuenca,3.5,NA,NA,Player Shots,Bet365,Fulham
Fulham v Manchester United,Joshua King,0.5,1.16,NA,Player Shots,Bet365,NA
Fulham v Manchester United,Joshua King,1.5,1.72,2,Player Shots,Bet365,NA
Fulham v Manchester United,Joshua King,1.5,1.72,NA,Player Shots,Bet365,NA
Fulham v Manchester United,Joshua King,2.5,3.25,NA,Player Shots,Bet365,NA
Fulham v Manchester United,Joshua King,3.5,6.5,NA,Player Shots,Bet365,NA
Fulham v Manchester United,Kenny Tete,0.5,1.57,2.25,Player Shots,Bet365,Fulham
Fulham v Manchester United,Kenny Tete,0.5,1.57,NA,Player Shots,Bet365,Fulham
Fulham v Manchester United,Kenny Tete,1.5,3.5,NA,Player Shots,Bet365,Fulham
Fulham v Manchester United,Kenny Tete,2.5,10,NA,Player Shots,Bet365,Fulham
Fulham v Manchester United,Kenny Tete,3.5,21,NA,Player Shots,Bet365,Fulham
Fulham v Manchester United,Leny Yoro,0.5,3,1.36,Player Shots,Bet365,Manchester United
Fulham v Manchester United,Leny Yoro,0.5,3,NA,Player Shots,Bet365,Manchester United
Fulham v Manchester United,Leny Yoro,1.5,11,NA,Player Shots,Bet365,Manchester United
Fulham v Manchester United,Leny Yoro,2.5,NA,NA,Player Shots,Bet365,Manchester United
Fulham v Manchester United,Leny Yoro,3.5,NA,NA,Player Shots,Bet365,Manchester United
Fulham v Manchester United,Luke Shaw,0.5,2.25,1.57,Player Shots,Bet365,Manchester United
Fulham v Manchester United,Luke Shaw,0.5,2.25,NA,Player Shots,Bet365,Manchester United
Fulham v Manchester United,Luke Shaw,1.5,7,NA,Player Shots,Bet365,Manchester United
Fulham v Manchester United,Luke Shaw,2.5,21,NA,Player Shots,Bet365,Manchester United
Fulham v Manchester United,Luke Shaw,3.5,NA,NA,Player Shots,Bet365,Manchester United
Fulham v Manchester United,Manuel Ugarte,0.5,1.72,2,Player Shots,Bet365,Manchester United
Fulham v Manchester United,Manuel Ugarte,0.5,1.72,NA,Player Shots,Bet365,Manchester United
Fulham v Manchester United,Manuel Ugarte,1.5,4.33,NA,Player Shots,Bet365,Manchester United
Fulham v Manchester United,Manuel Ugarte,2.5,13,NA,Player Shots,Bet365,Manchester United
Fulham v Manchester United,Manuel Ugarte,3.5,NA,NA,Player Shots,Bet365,Manchester United
Fulham v Manchester United,Mason Mount,0.5,1.36,NA,Player Shots,Bet365,Manchester United
Fulham v Manchester United,Mason Mount,1.5,2.62,1.44,Player Shots,Bet365,Manchester United
Fulham v Manchester United,Mason Mount,1.5,2.62,NA,Player Shots,Bet365,Manchester United
Fulham v Manchester United,Mason Mount,2.5,6,NA,Player Shots,Bet365,Manchester United
Fulham v Manchester United,Mason Mount,3.5,15,NA,Player Shots,Bet365,Manchester United
Fulham v Manchester United,Matheus Cunha,0.5,1.04,NA,Player Shots,Bet365,Manchester United
Fulham v Manchester United,Matheus Cunha,1.5,1.25,NA,Player Shots,Bet365,Manchester United
Fulham v Manchester United,Matheus Cunha,2.5,1.72,2,Player Shots,Bet365,Manchester United
Fulham v Manchester United,Matheus Cunha,2.5,1.72,NA,Player Shots,Bet365,Manchester United
Fulham v Manchester United,Matheus Cunha,3.5,2.75,NA,Player Shots,Bet365,Manchester United
Fulham v Manchester United,Matthijs de Ligt,0.5,1.53,2.37,Player Shots,Bet365,Manchester United
Fulham v Manchester United,Matthijs de Ligt,0.5,1.53,NA,Player Shots,Bet365,Manchester United
Fulham v Manchester United,Matthijs de Ligt,1.5,3.4,NA,Player Shots,Bet365,Manchester United
Fulham v Manchester United,Matthijs de Ligt,2.5,9,NA,Player Shots,Bet365,Manchester United
Fulham v Manchester United,Matthijs de Ligt,3.5,21,NA,Player Shots,Bet365,Manchester United
Fulham v Manchester United,Patrick Dorgu,0.5,1.4,NA,Player Shots,Bet365,Manchester United
Fulham v Manchester United,Patrick Dorgu,1.5,2.75,1.4,Player Shots,Bet365,Manchester United
Fulham v Manchester United,Patrick Dorgu,1.5,2.75,NA,Player Shots,Bet365,Manchester United
Fulham v Manchester United,Patrick Dorgu,2.5,6.5,NA,Player Shots,Bet365,Manchester United
Fulham v Manchester United,Patrick Dorgu,3.5,17,NA,Player Shots,Bet365,Manchester United
Fulham v Manchester United,Ra<c3><ba>l Jim<c3><a9>nez,0.5,1.03,NA,Player Shots,Bet365,NA
Fulham v Manchester United,Ra<c3><ba>l Jim<c3><a9>nez,1.5,1.2,NA,Player Shots,Bet365,NA
Fulham v Manchester United,Ra<c3><ba>l Jim<c3><a9>nez,2.5,1.61,2.2,Player Shots,Bet365,NA
Fulham v Manchester United,Ra<c3><ba>l Jim<c3><a9>nez,2.5,1.61,NA,Player Shots,Bet365,NA
Fulham v Manchester United,Ra<c3><ba>l Jim<c3><a9>nez,3.5,2.5,NA,Player Shots,Bet365,NA
Fulham v Manchester United,Rodrigo Muniz,0.5,1.062,NA,Player Shots,Bet365,Fulham
Fulham v Manchester United,Rodrigo Muniz,1.5,1.33,NA,Player Shots,Bet365,Fulham
Fulham v Manchester United,Rodrigo Muniz,2.5,1.9,1.8,Player Shots,Bet365,Fulham
Fulham v Manchester United,Rodrigo Muniz,2.5,1.9,NA,Player Shots,Bet365,Fulham
Fulham v Manchester United,Rodrigo Muniz,3.5,3.4,NA,Player Shots,Bet365,Fulham
Fulham v Manchester United,Sander Berge,0.5,4.33,1.2,Player Shots,Bet365,Fulham
Fulham v Manchester United,Sander Berge,0.5,4.33,NA,Player Shots,Bet365,Fulham
Fulham v Manchester United,Sander Berge,1.5,19,NA,Player Shots,Bet365,Fulham
Fulham v Manchester United,Sander Berge,2.5,NA,NA,Player Shots,Bet365,Fulham
Fulham v Manchester United,Sander Berge,3.5,NA,NA,Player Shots,Bet365,Fulham
Fulham v Manchester United,Sa<c5><a1>a Luki<c4><87>,0.5,2.1,1.66,Player Shots,Bet365,NA
Fulham v Manchester United,Sa<c5><a1>a Luki<c4><87>,0.5,2.1,NA,Player Shots,Bet365,NA
Fulham v Manchester United,Sa<c5><a1>a Luki<c4><87>,1.5,6.5,NA,Player Shots,Bet365,NA
Fulham v Manchester United,Sa<c5><a1>a Luki<c4><87>,2.5,19,NA,Player Shots,Bet365,NA
Fulham v Manchester United,Sa<c5><a1>a Luki<c4><87>,3.5,NA,NA,Player Shots,Bet365,NA
Fulham v Manchester United,Timothy Castagne,0.5,2.75,1.4,Player Shots,Bet365,Fulham
Fulham v Manchester United,Timothy Castagne,0.5,2.75,NA,Player Shots,Bet365,Fulham
Fulham v Manchester United,Timothy Castagne,1.5,11,NA,Player Shots,Bet365,Fulham
Fulham v Manchester United,Timothy Castagne,2.5,NA,NA,Player Shots,Bet365,Fulham
Fulham v Manchester United,Timothy Castagne,3.5,NA,NA,Player Shots,Bet365,Fulham
Fulham v Manchester United,Tom Cairney,0.5,1.83,1.83,Player Shots,Bet365,Fulham
Fulham v Manchester United,Tom Cairney,0.5,1.83,NA,Player Shots,Bet365,Fulham
Fulham v Manchester United,Tom Cairney,1.5,5,NA,Player Shots,Bet365,Fulham
Fulham v Manchester United,Tom Cairney,2.5,15,NA,Player Shots,Bet365,Fulham
Fulham v Manchester United,Tom Cairney,3.5,NA,NA,Player Shots,Bet365,Fulham
Newcastle United v Liverpool,Alex Murphy,0.5,1.83,NA,Player Shots,Bet365,Newcastle United
Newcastle United v Liverpool,Alex Murphy,1.5,5,NA,Player Shots,Bet365,Newcastle United
Newcastle United v Liverpool,Alex Murphy,2.5,15,NA,Player Shots,Bet365,Newcastle United
Newcastle United v Liverpool,Alex Murphy,3.5,NA,NA,Player Shots,Bet365,Newcastle United
Newcastle United v Liverpool,Alexis Mac Allister,0.5,1.36,NA,Player Shots,Bet365,Liverpool
Newcastle United v Liverpool,Alexis Mac Allister,1.5,2.62,1.44,Player Shots,Bet365,Liverpool
Newcastle United v Liverpool,Alexis Mac Allister,1.5,2.62,NA,Player Shots,Bet365,Liverpool
Newcastle United v Liverpool,Alexis Mac Allister,2.5,6,NA,Player Shots,Bet365,Liverpool
Newcastle United v Liverpool,Alexis Mac Allister,3.5,15,NA,Player Shots,Bet365,Liverpool
Newcastle United v Liverpool,Andrew Robertson,0.5,2.25,NA,Player Shots,Bet365,Liverpool
Newcastle United v Liverpool,Andrew Robertson,1.5,8,NA,Player Shots,Bet365,Liverpool
Newcastle United v Liverpool,Andrew Robertson,2.5,21,NA,Player Shots,Bet365,Liverpool
Newcastle United v Liverpool,Andrew Robertson,3.5,NA,NA,Player Shots,Bet365,Liverpool
Newcastle United v Liverpool,Anthony Elanga,0.5,1.2,NA,Player Shots,Bet365,Newcastle United
Newcastle United v Liverpool,Anthony Elanga,1.5,1.83,1.83,Player Shots,Bet365,Newcastle United
Newcastle United v Liverpool,Anthony Elanga,1.5,1.83,NA,Player Shots,Bet365,Newcastle United
Newcastle United v Liverpool,Anthony Elanga,2.5,3.5,NA,Player Shots,Bet365,Newcastle United
Newcastle United v Liverpool,Anthony Elanga,3.5,8,NA,Player Shots,Bet365,Newcastle United
Newcastle United v Liverpool,Anthony Gordon,0.5,1.1,NA,Player Shots,Bet365,Newcastle United
Newcastle United v Liverpool,Anthony Gordon,1.5,1.5,NA,Player Shots,Bet365,Newcastle United
Newcastle United v Liverpool,Anthony Gordon,2.5,2.37,1.53,Player Shots,Bet365,Newcastle United
Newcastle United v Liverpool,Anthony Gordon,2.5,2.37,NA,Player Shots,Bet365,Newcastle United
Newcastle United v Liverpool,Anthony Gordon,3.5,4.33,NA,Player Shots,Bet365,Newcastle United
Newcastle United v Liverpool,Bruno Guimar<c3><a3>es,0.5,1.61,NA,Player Shots,Bet365,NA
Newcastle United v Liverpool,Bruno Guimar<c3><a3>es,1.5,3.75,NA,Player Shots,Bet365,NA
Newcastle United v Liverpool,Bruno Guimar<c3><a3>es,2.5,11,NA,Player Shots,Bet365,NA
Newcastle United v Liverpool,Bruno Guimar<c3><a3>es,3.5,21,NA,Player Shots,Bet365,NA
Newcastle United v Liverpool,Cody Gakpo,0.5,1.083,NA,Player Shots,Bet365,Liverpool
Newcastle United v Liverpool,Cody Gakpo,1.5,1.4,NA,Player Shots,Bet365,Liverpool
Newcastle United v Liverpool,Cody Gakpo,2.5,2.2,1.61,Player Shots,Bet365,Liverpool
Newcastle United v Liverpool,Cody Gakpo,2.5,2.2,NA,Player Shots,Bet365,Liverpool
Newcastle United v Liverpool,Cody Gakpo,3.5,4,NA,Player Shots,Bet365,Liverpool
Newcastle United v Liverpool,Conor Bradley,0.5,1.33,NA,Player Shots,Bet365,Liverpool
Newcastle United v Liverpool,Conor Bradley,1.5,2.37,NA,Player Shots,Bet365,Liverpool
Newcastle United v Liverpool,Conor Bradley,2.5,5.5,NA,Player Shots,Bet365,Liverpool
Newcastle United v Liverpool,Conor Bradley,3.5,13,NA,Player Shots,Bet365,Liverpool
Newcastle United v Liverpool,Curtis Jones,0.5,1.14,NA,Player Shots,Bet365,Liverpool
Newcastle United v Liverpool,Curtis Jones,1.5,1.66,NA,Player Shots,Bet365,Liverpool
Newcastle United v Liverpool,Curtis Jones,2.5,3,NA,Player Shots,Bet365,Liverpool
Newcastle United v Liverpool,Curtis Jones,3.5,6,NA,Player Shots,Bet365,Liverpool
Newcastle United v Liverpool,Dan Burn,0.5,1.72,NA,Player Shots,Bet365,Newcastle United
Newcastle United v Liverpool,Dan Burn,1.5,4.33,NA,Player Shots,Bet365,Newcastle United
Newcastle United v Liverpool,Dan Burn,2.5,13,NA,Player Shots,Bet365,Newcastle United
Newcastle United v Liverpool,Dan Burn,3.5,NA,NA,Player Shots,Bet365,Newcastle United
Newcastle United v Liverpool,Dominik Szoboszlai,0.5,1.28,NA,Player Shots,Bet365,Liverpool
Newcastle United v Liverpool,Dominik Szoboszlai,1.5,2.2,NA,Player Shots,Bet365,Liverpool
Newcastle United v Liverpool,Dominik Szoboszlai,2.5,4.5,NA,Player Shots,Bet365,Liverpool
Newcastle United v Liverpool,Dominik Szoboszlai,3.5,11,NA,Player Shots,Bet365,Liverpool
Newcastle United v Liverpool,Emil Krafth,0.5,2.5,NA,Player Shots,Bet365,Newcastle United
Newcastle United v Liverpool,Emil Krafth,1.5,9,NA,Player Shots,Bet365,Newcastle United
Newcastle United v Liverpool,Emil Krafth,2.5,21,NA,Player Shots,Bet365,Newcastle United
Newcastle United v Liverpool,Emil Krafth,3.5,NA,NA,Player Shots,Bet365,Newcastle United
Newcastle United v Liverpool,Fabian Sch<c3><a4>r,0.5,1.4,NA,Player Shots,Bet365,NA
Newcastle United v Liverpool,Fabian Sch<c3><a4>r,1.5,2.62,NA,Player Shots,Bet365,NA
Newcastle United v Liverpool,Fabian Sch<c3><a4>r,2.5,6,NA,Player Shots,Bet365,NA
Newcastle United v Liverpool,Fabian Sch<c3><a4>r,3.5,15,NA,Player Shots,Bet365,NA
Newcastle United v Liverpool,Federico Chiesa,0.5,1.11,NA,Player Shots,Bet365,Liverpool
Newcastle United v Liverpool,Federico Chiesa,1.5,1.53,2.37,Player Shots,Bet365,Liverpool
Newcastle United v Liverpool,Federico Chiesa,1.5,1.53,NA,Player Shots,Bet365,Liverpool
Newcastle United v Liverpool,Federico Chiesa,2.5,2.5,NA,Player Shots,Bet365,Liverpool
Newcastle United v Liverpool,Federico Chiesa,3.5,5,NA,Player Shots,Bet365,Liverpool
Newcastle United v Liverpool,Florian Wirtz,0.5,1.11,NA,Player Shots,Bet365,Liverpool
Newcastle United v Liverpool,Florian Wirtz,1.5,1.53,2.37,Player Shots,Bet365,Liverpool
Newcastle United v Liverpool,Florian Wirtz,1.5,1.53,NA,Player Shots,Bet365,Liverpool
Newcastle United v Liverpool,Florian Wirtz,2.5,2.5,NA,Player Shots,Bet365,Liverpool
Newcastle United v Liverpool,Florian Wirtz,3.5,5,NA,Player Shots,Bet365,Liverpool
Newcastle United v Liverpool,Giovanni Leoni,0.5,1.72,NA,Player Shots,Bet365,Liverpool
Newcastle United v Liverpool,Giovanni Leoni,1.5,4.33,NA,Player Shots,Bet365,Liverpool
Newcastle United v Liverpool,Giovanni Leoni,2.5,13,NA,Player Shots,Bet365,Liverpool
Newcastle United v Liverpool,Giovanni Leoni,3.5,NA,NA,Player Shots,Bet365,Liverpool
Newcastle United v Liverpool,Harvey Barnes,0.5,1.12,NA,Player Shots,Bet365,Newcastle United
Newcastle United v Liverpool,Harvey Barnes,1.5,1.57,2.25,Player Shots,Bet365,Newcastle United
Newcastle United v Liverpool,Harvey Barnes,1.5,1.57,NA,Player Shots,Bet365,Newcastle United
Newcastle United v Liverpool,Harvey Barnes,2.5,2.62,NA,Player Shots,Bet365,Newcastle United
Newcastle United v Liverpool,Harvey Barnes,3.5,5,NA,Player Shots,Bet365,Newcastle United
Newcastle United v Liverpool,Harvey Elliott,0.5,1.071,NA,Player Shots,Bet365,Liverpool
Newcastle United v Liverpool,Harvey Elliott,1.5,1.36,NA,Player Shots,Bet365,Liverpool
Newcastle United v Liverpool,Harvey Elliott,2.5,2.1,NA,Player Shots,Bet365,Liverpool
Newcastle United v Liverpool,Harvey Elliott,3.5,3.75,NA,Player Shots,Bet365,Liverpool
Newcastle United v Liverpool,Hugo Ekitike,0.5,1.083,NA,Player Shots,Bet365,NA
Newcastle United v Liverpool,Hugo Ekitike,1.5,1.4,NA,Player Shots,Bet365,NA
Newcastle United v Liverpool,Hugo Ekitike,2.5,2.1,1.66,Player Shots,Bet365,NA
Newcastle United v Liverpool,Hugo Ekitike,2.5,2.1,NA,Player Shots,Bet365,NA
Newcastle United v Liverpool,Hugo Ekitike,3.5,3.75,NA,Player Shots,Bet365,NA
Newcastle United v Liverpool,Ibrahima Konat<c3><a9>,0.5,2.25,NA,Player Shots,Bet365,NA
Newcastle United v Liverpool,Ibrahima Konat<c3><a9>,1.5,8,NA,Player Shots,Bet365,NA
Newcastle United v Liverpool,Ibrahima Konat<c3><a9>,2.5,21,NA,Player Shots,Bet365,NA
Newcastle United v Liverpool,Ibrahima Konat<c3><a9>,3.5,NA,NA,Player Shots,Bet365,NA
Newcastle United v Liverpool,Jacob Murphy,0.5,1.33,NA,Player Shots,Bet365,Newcastle United
Newcastle United v Liverpool,Jacob Murphy,1.5,2.37,1.53,Player Shots,Bet365,Newcastle United
Newcastle United v Liverpool,Jacob Murphy,1.5,2.37,NA,Player Shots,Bet365,Newcastle United
Newcastle United v Liverpool,Jacob Murphy,2.5,5.5,NA,Player Shots,Bet365,Newcastle United
Newcastle United v Liverpool,Jacob Murphy,3.5,13,NA,Player Shots,Bet365,Newcastle United
Newcastle United v Liverpool,Jacob Ramsey,0.5,1.4,NA,Player Shots,Bet365,Aston Villa
Newcastle United v Liverpool,Jacob Ramsey,1.5,2.62,NA,Player Shots,Bet365,Aston Villa
Newcastle United v Liverpool,Jacob Ramsey,2.5,6,NA,Player Shots,Bet365,Aston Villa
Newcastle United v Liverpool,Jacob Ramsey,3.5,15,NA,Player Shots,Bet365,Aston Villa
Newcastle United v Liverpool,Jamaal Lascelles,0.5,2.5,NA,Player Shots,Bet365,Newcastle United
Newcastle United v Liverpool,Jamaal Lascelles,1.5,9,NA,Player Shots,Bet365,Newcastle United
Newcastle United v Liverpool,Jamaal Lascelles,2.5,21,NA,Player Shots,Bet365,Newcastle United
Newcastle United v Liverpool,Jamaal Lascelles,3.5,NA,NA,Player Shots,Bet365,Newcastle United
Newcastle United v Liverpool,Joelinton,0.5,1.33,NA,Player Shots,Bet365,Newcastle United
Newcastle United v Liverpool,Joelinton,1.5,2.37,1.53,Player Shots,Bet365,Newcastle United
Newcastle United v Liverpool,Joelinton,1.5,2.37,NA,Player Shots,Bet365,Newcastle United
Newcastle United v Liverpool,Joelinton,2.5,5.5,NA,Player Shots,Bet365,Newcastle United
Newcastle United v Liverpool,Joelinton,3.5,13,NA,Player Shots,Bet365,Newcastle United
Newcastle United v Liverpool,Kieran Trippier,0.5,1.83,NA,Player Shots,Bet365,Newcastle United
Newcastle United v Liverpool,Kieran Trippier,1.5,5,NA,Player Shots,Bet365,Newcastle United
Newcastle United v Liverpool,Kieran Trippier,2.5,15,NA,Player Shots,Bet365,Newcastle United
Newcastle United v Liverpool,Kieran Trippier,3.5,NA,NA,Player Shots,Bet365,Newcastle United
Newcastle United v Liverpool,Lewis Hall,0.5,1.83,NA,Player Shots,Bet365,Newcastle United
Newcastle United v Liverpool,Lewis Hall,1.5,5,NA,Player Shots,Bet365,Newcastle United
Newcastle United v Liverpool,Lewis Hall,2.5,15,NA,Player Shots,Bet365,Newcastle United
Newcastle United v Liverpool,Lewis Hall,3.5,NA,NA,Player Shots,Bet365,Newcastle United
Newcastle United v Liverpool,Lewis Miley,0.5,1.61,NA,Player Shots,Bet365,Newcastle United
Newcastle United v Liverpool,Lewis Miley,1.5,3.75,NA,Player Shots,Bet365,Newcastle United
Newcastle United v Liverpool,Lewis Miley,2.5,11,NA,Player Shots,Bet365,Newcastle United
Newcastle United v Liverpool,Lewis Miley,3.5,21,NA,Player Shots,Bet365,Newcastle United
Newcastle United v Liverpool,Malick Thiaw,0.5,2.2,NA,Player Shots,Bet365,Newcastle United
Newcastle United v Liverpool,Malick Thiaw,1.5,7,NA,Player Shots,Bet365,Newcastle United
Newcastle United v Liverpool,Malick Thiaw,2.5,21,NA,Player Shots,Bet365,Newcastle United
Newcastle United v Liverpool,Malick Thiaw,3.5,NA,NA,Player Shots,Bet365,Newcastle United
Newcastle United v Liverpool,Matt Targett,0.5,2.37,NA,Player Shots,Bet365,Newcastle United
Newcastle United v Liverpool,Matt Targett,1.5,8,NA,Player Shots,Bet365,Newcastle United
Newcastle United v Liverpool,Matt Targett,2.5,21,NA,Player Shots,Bet365,Newcastle United
Newcastle United v Liverpool,Matt Targett,3.5,NA,NA,Player Shots,Bet365,Newcastle United
Newcastle United v Liverpool,Milos Kerkez,0.5,2.25,NA,Player Shots,Bet365,Liverpool
Newcastle United v Liverpool,Milos Kerkez,1.5,8,NA,Player Shots,Bet365,Liverpool
Newcastle United v Liverpool,Milos Kerkez,2.5,21,NA,Player Shots,Bet365,Liverpool
Newcastle United v Liverpool,Milos Kerkez,3.5,NA,NA,Player Shots,Bet365,Liverpool
Newcastle United v Liverpool,Mohamed Salah,0.5,1.04,NA,Player Shots,Bet365,Liverpool
Newcastle United v Liverpool,Mohamed Salah,1.5,1.25,NA,Player Shots,Bet365,Liverpool
Newcastle United v Liverpool,Mohamed Salah,2.5,1.72,2,Player Shots,Bet365,Liverpool
Newcastle United v Liverpool,Mohamed Salah,2.5,1.72,NA,Player Shots,Bet365,Liverpool
Newcastle United v Liverpool,Mohamed Salah,3.5,2.75,NA,Player Shots,Bet365,Liverpool
Newcastle United v Liverpool,Rio Ngumoha,0.5,1.071,NA,Player Shots,Bet365,Liverpool
Newcastle United v Liverpool,Rio Ngumoha,1.5,1.36,NA,Player Shots,Bet365,Liverpool
Newcastle United v Liverpool,Rio Ngumoha,2.5,2,NA,Player Shots,Bet365,Liverpool
Newcastle United v Liverpool,Rio Ngumoha,3.5,3.5,NA,Player Shots,Bet365,Liverpool
Newcastle United v Liverpool,Ryan Gravenberch,0.5,1.33,NA,Player Shots,Bet365,Liverpool
Newcastle United v Liverpool,Ryan Gravenberch,1.5,2.37,NA,Player Shots,Bet365,Liverpool
Newcastle United v Liverpool,Ryan Gravenberch,2.5,5.5,NA,Player Shots,Bet365,Liverpool
Newcastle United v Liverpool,Ryan Gravenberch,3.5,13,NA,Player Shots,Bet365,Liverpool
Newcastle United v Liverpool,Sandro Tonali,0.5,1.4,NA,Player Shots,Bet365,Newcastle United
Newcastle United v Liverpool,Sandro Tonali,1.5,2.62,NA,Player Shots,Bet365,Newcastle United
Newcastle United v Liverpool,Sandro Tonali,2.5,6,NA,Player Shots,Bet365,Newcastle United
Newcastle United v Liverpool,Sandro Tonali,3.5,15,NA,Player Shots,Bet365,Newcastle United
Newcastle United v Liverpool,Sven Botman,0.5,2.25,NA,Player Shots,Bet365,Newcastle United
Newcastle United v Liverpool,Sven Botman,1.5,8,NA,Player Shots,Bet365,Newcastle United
Newcastle United v Liverpool,Sven Botman,2.5,21,NA,Player Shots,Bet365,Newcastle United
Newcastle United v Liverpool,Sven Botman,3.5,NA,NA,Player Shots,Bet365,Newcastle United
Newcastle United v Liverpool,Valentino Livramento,0.5,2.25,NA,Player Shots,Bet365,NA
Newcastle United v Liverpool,Valentino Livramento,1.5,8,NA,Player Shots,Bet365,NA
Newcastle United v Liverpool,Valentino Livramento,2.5,21,NA,Player Shots,Bet365,NA
Newcastle United v Liverpool,Valentino Livramento,3.5,NA,NA,Player Shots,Bet365,NA
Newcastle United v Liverpool,Virgil van Dijk,0.5,1.53,NA,Player Shots,Bet365,Liverpool
Newcastle United v Liverpool,Virgil van Dijk,1.5,3.4,NA,Player Shots,Bet365,Liverpool
Newcastle United v Liverpool,Virgil van Dijk,2.5,9,NA,Player Shots,Bet365,Liverpool
Newcastle United v Liverpool,Virgil van Dijk,3.5,21,NA,Player Shots,Bet365,Liverpool
Newcastle United v Liverpool,Wataru Endo,0.5,1.44,NA,Player Shots,Bet365,Liverpool
Newcastle United v Liverpool,Wataru Endo,1.5,3,NA,Player Shots,Bet365,Liverpool
Newcastle United v Liverpool,Wataru Endo,2.5,7,NA,Player Shots,Bet365,Liverpool
Newcastle United v Liverpool,Wataru Endo,3.5,19,NA,Player Shots,Bet365,Liverpool
Newcastle United v Liverpool,William Osula,0.5,1.2,NA,Player Shots,Bet365,Newcastle United
Newcastle United v Liverpool,William Osula,1.5,1.83,1.83,Player Shots,Bet365,Newcastle United
Newcastle United v Liverpool,William Osula,1.5,1.83,NA,Player Shots,Bet365,Newcastle United
Newcastle United v Liverpool,William Osula,2.5,3.5,NA,Player Shots,Bet365,Newcastle United
Newcastle United v Liverpool,William Osula,3.5,8,NA,Player Shots,Bet365,Newcastle United
