match,player_name,line,over_price,market_name,agency,player_team
Burnley v Chelsea,Alejandro Garnacho,0.5,1.4,Player Tackles,Bet365,Manchester United
Burnley v Chelsea,Alejandro Garnacho,1.5,2.75,Player Tackles,Bet365,Manchester United
Burnley v Chelsea,Alejandro Garnacho,2.5,6.5,Player Tackles,Bet365,Manchester United
Burnley v Chelsea,Alejandro Garnacho,3.5,NA,Player Tackles,Bet365,Manchester United
Burnley v Chelsea,Andrey Santos,0.5,1.062,Player Tackles,Bet365,Chelsea
Burnley v Chelsea,Andrey Santos,1.5,1.3,Player Tackles,Bet365,Chelsea
Burnley v Chelsea,Andrey Santos,2.5,1.9,Player Tackles,Bet365,Chelsea
Burnley v Chelsea,Andrey Santos,3.5,3.4,Player Tackles,Bet365,Chelsea
Burnley v Chelsea,Armando Broja,0.5,1.22,Player Tackles,Bet365,NA
Burnley v Chelsea,Armando Broja,1.5,2,Player Tackles,Bet365,NA
Burnley v Chelsea,Armando Broja,2.5,4,Player Tackles,Bet365,NA
Burnley v Chelsea,Armando Broja,3.5,8,Player Tackles,Bet365,NA
Burnley v Chelsea,Ashley Barnes,0.5,1.44,Player Tackles,Bet365,NA
Burnley v Chelsea,Ashley Barnes,1.5,3.25,Player Tackles,Bet365,NA
Burnley v Chelsea,Ashley Barnes,2.5,7.5,Player Tackles,Bet365,NA
Burnley v Chelsea,Ashley Barnes,3.5,NA,Player Tackles,Bet365,NA
Burnley v Chelsea,Axel Tuanzebe,0.5,1.062,Player Tackles,Bet365,NA
Burnley v Chelsea,Axel Tuanzebe,1.5,1.33,Player Tackles,Bet365,NA
Burnley v Chelsea,Axel Tuanzebe,2.5,2,Player Tackles,Bet365,NA
Burnley v Chelsea,Axel Tuanzebe,3.5,3.5,Player Tackles,Bet365,NA
Burnley v Chelsea,Bashir Humphreys,0.5,1.083,Player Tackles,Bet365,NA
Burnley v Chelsea,Bashir Humphreys,1.5,1.44,Player Tackles,Bet365,NA
Burnley v Chelsea,Bashir Humphreys,2.5,2.25,Player Tackles,Bet365,NA
Burnley v Chelsea,Bashir Humphreys,3.5,4.33,Player Tackles,Bet365,NA
Burnley v Chelsea,Beno<c3><ae>t Badiashile,0.5,1.33,Player Tackles,Bet365,NA
Burnley v Chelsea,Beno<c3><ae>t Badiashile,1.5,2.5,Player Tackles,Bet365,NA
Burnley v Chelsea,Beno<c3><ae>t Badiashile,2.5,5.5,Player Tackles,Bet365,NA
Burnley v Chelsea,Beno<c3><ae>t Badiashile,3.5,NA,Player Tackles,Bet365,NA
Burnley v Chelsea,Brandon Pouani,0.5,1.11,Player Tackles,Bet365,NA
Burnley v Chelsea,Brandon Pouani,1.5,1.53,Player Tackles,Bet365,NA
Burnley v Chelsea,Brandon Pouani,2.5,2.62,Player Tackles,Bet365,NA
Burnley v Chelsea,Brandon Pouani,3.5,4.5,Player Tackles,Bet365,NA
Burnley v Chelsea,Enzo Fern<c3><a1>ndez,0.5,1.083,Player Tackles,Bet365,NA
Burnley v Chelsea,Enzo Fern<c3><a1>ndez,1.5,1.44,Player Tackles,Bet365,NA
Burnley v Chelsea,Enzo Fern<c3><a1>ndez,2.5,2.25,Player Tackles,Bet365,NA
Burnley v Chelsea,Enzo Fern<c3><a1>ndez,3.5,4.33,Player Tackles,Bet365,NA
Burnley v Chelsea,Estevao,0.5,1.66,Player Tackles,Bet365,NA
Burnley v Chelsea,Estevao,1.5,4,Player Tackles,Bet365,NA
Burnley v Chelsea,Estevao,2.5,NA,Player Tackles,Bet365,NA
Burnley v Chelsea,Estevao,3.5,NA,Player Tackles,Bet365,NA
Burnley v Chelsea,Facundo Buonanotte,0.5,1.4,Player Tackles,Bet365,Brighton & Hove Albion
Burnley v Chelsea,Facundo Buonanotte,1.5,2.75,Player Tackles,Bet365,Brighton & Hove Albion
Burnley v Chelsea,Facundo Buonanotte,2.5,6.5,Player Tackles,Bet365,Brighton & Hove Albion
Burnley v Chelsea,Facundo Buonanotte,3.5,NA,Player Tackles,Bet365,Brighton & Hove Albion
Burnley v Chelsea,Hannibal Mejbri,0.5,1.14,Player Tackles,Bet365,NA
Burnley v Chelsea,Hannibal Mejbri,1.5,1.61,Player Tackles,Bet365,NA
Burnley v Chelsea,Hannibal Mejbri,2.5,3,Player Tackles,Bet365,NA
Burnley v Chelsea,Hannibal Mejbri,3.5,5.5,Player Tackles,Bet365,NA
Burnley v Chelsea,Hjalmar Ekdal,0.5,1.22,Player Tackles,Bet365,NA
Burnley v Chelsea,Hjalmar Ekdal,1.5,2,Player Tackles,Bet365,NA
Burnley v Chelsea,Hjalmar Ekdal,2.5,4,Player Tackles,Bet365,NA
Burnley v Chelsea,Hjalmar Ekdal,3.5,8,Player Tackles,Bet365,NA
Burnley v Chelsea,Jacob Bruun Larsen,0.5,1.83,Player Tackles,Bet365,NA
Burnley v Chelsea,Jacob Bruun Larsen,1.5,5,Player Tackles,Bet365,NA
Burnley v Chelsea,Jacob Bruun Larsen,2.5,NA,Player Tackles,Bet365,NA
Burnley v Chelsea,Jacob Bruun Larsen,3.5,NA,Player Tackles,Bet365,NA
Burnley v Chelsea,Jaidon Anthony,0.5,1.22,Player Tackles,Bet365,NA
Burnley v Chelsea,Jaidon Anthony,1.5,2,Player Tackles,Bet365,NA
Burnley v Chelsea,Jaidon Anthony,2.5,4,Player Tackles,Bet365,NA
Burnley v Chelsea,Jaidon Anthony,3.5,8,Player Tackles,Bet365,NA
Burnley v Chelsea,Jamie Bynoe-Gittens,0.5,1.5,Player Tackles,Bet365,NA
Burnley v Chelsea,Jamie Bynoe-Gittens,1.5,3.4,Player Tackles,Bet365,NA
Burnley v Chelsea,Jamie Bynoe-Gittens,2.5,8,Player Tackles,Bet365,NA
Burnley v Chelsea,Jamie Bynoe-Gittens,3.5,NA,Player Tackles,Bet365,NA
Burnley v Chelsea,Jaydon Banel,0.5,1.11,Player Tackles,Bet365,NA
Burnley v Chelsea,Jaydon Banel,1.5,1.53,Player Tackles,Bet365,NA
Burnley v Chelsea,Jaydon Banel,2.5,2.62,Player Tackles,Bet365,NA
Burnley v Chelsea,Jaydon Banel,3.5,4.5,Player Tackles,Bet365,NA
Burnley v Chelsea,Jo<c3><a3>o Pedro,0.5,1.66,Player Tackles,Bet365,NA
Burnley v Chelsea,Jo<c3><a3>o Pedro,1.5,4,Player Tackles,Bet365,NA
Burnley v Chelsea,Jo<c3><a3>o Pedro,2.5,NA,Player Tackles,Bet365,NA
Burnley v Chelsea,Jo<c3><a3>o Pedro,3.5,NA,Player Tackles,Bet365,NA
Burnley v Chelsea,Joe Worrall,0.5,1.36,Player Tackles,Bet365,NA
Burnley v Chelsea,Joe Worrall,1.5,2.62,Player Tackles,Bet365,NA
Burnley v Chelsea,Joe Worrall,2.5,6,Player Tackles,Bet365,NA
Burnley v Chelsea,Joe Worrall,3.5,NA,Player Tackles,Bet365,NA
Burnley v Chelsea,Jorrel Hato,0.5,1.14,Player Tackles,Bet365,Chelsea
Burnley v Chelsea,Jorrel Hato,1.5,1.66,Player Tackles,Bet365,Chelsea
Burnley v Chelsea,Jorrel Hato,2.5,3.25,Player Tackles,Bet365,Chelsea
Burnley v Chelsea,Jorrel Hato,3.5,6,Player Tackles,Bet365,Chelsea
Burnley v Chelsea,Josh Acheampong,0.5,1.33,Player Tackles,Bet365,Chelsea
Burnley v Chelsea,Josh Acheampong,1.5,2.5,Player Tackles,Bet365,Chelsea
Burnley v Chelsea,Josh Acheampong,2.5,5.5,Player Tackles,Bet365,Chelsea
Burnley v Chelsea,Josh Acheampong,3.5,NA,Player Tackles,Bet365,Chelsea
Burnley v Chelsea,Josh Cullen,0.5,1.071,Player Tackles,Bet365,NA
Burnley v Chelsea,Josh Cullen,1.5,1.36,Player Tackles,Bet365,NA
Burnley v Chelsea,Josh Cullen,2.5,2.1,Player Tackles,Bet365,NA
Burnley v Chelsea,Josh Cullen,3.5,3.75,Player Tackles,Bet365,NA
Burnley v Chelsea,Josh Laurent,0.5,1.11,Player Tackles,Bet365,NA
Burnley v Chelsea,Josh Laurent,1.5,1.53,Player Tackles,Bet365,NA
Burnley v Chelsea,Josh Laurent,2.5,2.62,Player Tackles,Bet365,NA
Burnley v Chelsea,Josh Laurent,3.5,4.5,Player Tackles,Bet365,NA
Burnley v Chelsea,Kyle Walker,0.5,NA,Player Tackles,Bet365,NA
Burnley v Chelsea,Kyle Walker,1.5,1.25,Player Tackles,Bet365,NA
Burnley v Chelsea,Kyle Walker,2.5,1.72,Player Tackles,Bet365,NA
Burnley v Chelsea,Kyle Walker,3.5,2.75,Player Tackles,Bet365,NA
Burnley v Chelsea,Lesley Ugochukwu,0.5,NA,Player Tackles,Bet365,NA
Burnley v Chelsea,Lesley Ugochukwu,1.5,1.12,Player Tackles,Bet365,NA
Burnley v Chelsea,Lesley Ugochukwu,2.5,1.4,Player Tackles,Bet365,NA
Burnley v Chelsea,Lesley Ugochukwu,3.5,2,Player Tackles,Bet365,NA
Burnley v Chelsea,Liam Delap,0.5,2.2,Player Tackles,Bet365,Chelsea
Burnley v Chelsea,Liam Delap,1.5,6.5,Player Tackles,Bet365,Chelsea
Burnley v Chelsea,Liam Delap,2.5,NA,Player Tackles,Bet365,Chelsea
Burnley v Chelsea,Liam Delap,3.5,NA,Player Tackles,Bet365,Chelsea
Burnley v Chelsea,Loum Tchaouna,0.5,1.16,Player Tackles,Bet365,NA
Burnley v Chelsea,Loum Tchaouna,1.5,1.8,Player Tackles,Bet365,NA
Burnley v Chelsea,Loum Tchaouna,2.5,3.4,Player Tackles,Bet365,NA
Burnley v Chelsea,Loum Tchaouna,3.5,7,Player Tackles,Bet365,NA
Burnley v Chelsea,Lucas Pires,0.5,1.071,Player Tackles,Bet365,NA
Burnley v Chelsea,Lucas Pires,1.5,1.36,Player Tackles,Bet365,NA
Burnley v Chelsea,Lucas Pires,2.5,2.1,Player Tackles,Bet365,NA
Burnley v Chelsea,Lucas Pires,3.5,3.75,Player Tackles,Bet365,NA
Burnley v Chelsea,Luis Florentino,0.5,NA,Player Tackles,Bet365,NA
Burnley v Chelsea,Luis Florentino,1.5,1.083,Player Tackles,Bet365,NA
Burnley v Chelsea,Luis Florentino,2.5,1.28,Player Tackles,Bet365,NA
Burnley v Chelsea,Luis Florentino,3.5,1.72,Player Tackles,Bet365,NA
Burnley v Chelsea,Lyle Foster,0.5,1.36,Player Tackles,Bet365,NA
Burnley v Chelsea,Lyle Foster,1.5,2.62,Player Tackles,Bet365,NA
Burnley v Chelsea,Lyle Foster,2.5,6,Player Tackles,Bet365,NA
Burnley v Chelsea,Lyle Foster,3.5,NA,Player Tackles,Bet365,NA
Burnley v Chelsea,Malo Gusto,0.5,1.1,Player Tackles,Bet365,Chelsea
Burnley v Chelsea,Malo Gusto,1.5,1.5,Player Tackles,Bet365,Chelsea
Burnley v Chelsea,Malo Gusto,2.5,2.5,Player Tackles,Bet365,Chelsea
Burnley v Chelsea,Malo Gusto,3.5,4.5,Player Tackles,Bet365,Chelsea
Burnley v Chelsea,Marc Cucurella,0.5,1.16,Player Tackles,Bet365,Chelsea
Burnley v Chelsea,Marc Cucurella,1.5,1.72,Player Tackles,Bet365,Chelsea
Burnley v Chelsea,Marc Cucurella,2.5,3.4,Player Tackles,Bet365,Chelsea
Burnley v Chelsea,Marc Cucurella,3.5,6.5,Player Tackles,Bet365,Chelsea
Burnley v Chelsea,Marc Guiu,0.5,1.4,Player Tackles,Bet365,NA
Burnley v Chelsea,Marc Guiu,1.5,2.75,Player Tackles,Bet365,NA
Burnley v Chelsea,Marc Guiu,2.5,6.5,Player Tackles,Bet365,NA
Burnley v Chelsea,Marc Guiu,3.5,NA,Player Tackles,Bet365,NA
Burnley v Chelsea,Marcus Edwards,0.5,1.22,Player Tackles,Bet365,NA
Burnley v Chelsea,Marcus Edwards,1.5,2,Player Tackles,Bet365,NA
Burnley v Chelsea,Marcus Edwards,2.5,4,Player Tackles,Bet365,NA
Burnley v Chelsea,Marcus Edwards,3.5,8,Player Tackles,Bet365,NA
Burnley v Chelsea,Maxime Esteve,0.5,1.36,Player Tackles,Bet365,NA
Burnley v Chelsea,Maxime Esteve,1.5,2.62,Player Tackles,Bet365,NA
Burnley v Chelsea,Maxime Esteve,2.5,6,Player Tackles,Bet365,NA
Burnley v Chelsea,Maxime Esteve,3.5,NA,Player Tackles,Bet365,NA
Burnley v Chelsea,Mike Tresor,0.5,1.28,Player Tackles,Bet365,NA
Burnley v Chelsea,Mike Tresor,1.5,2.25,Player Tackles,Bet365,NA
Burnley v Chelsea,Mike Tresor,2.5,4.5,Player Tackles,Bet365,NA
Burnley v Chelsea,Mike Tresor,3.5,NA,Player Tackles,Bet365,NA
Burnley v Chelsea,Mois<c3><a9>s Caicedo,0.5,1.05,Player Tackles,Bet365,NA
Burnley v Chelsea,Mois<c3><a9>s Caicedo,1.5,1.28,Player Tackles,Bet365,NA
Burnley v Chelsea,Mois<c3><a9>s Caicedo,2.5,1.8,Player Tackles,Bet365,NA
Burnley v Chelsea,Mois<c3><a9>s Caicedo,3.5,3,Player Tackles,Bet365,NA
Burnley v Chelsea,Oliver Sonne,0.5,1.14,Player Tackles,Bet365,NA
Burnley v Chelsea,Oliver Sonne,1.5,1.61,Player Tackles,Bet365,NA
Burnley v Chelsea,Oliver Sonne,2.5,3,Player Tackles,Bet365,NA
Burnley v Chelsea,Oliver Sonne,3.5,5.5,Player Tackles,Bet365,NA
Burnley v Chelsea,Pedro Neto,0.5,1.44,Player Tackles,Bet365,Chelsea
Burnley v Chelsea,Pedro Neto,1.5,3.25,Player Tackles,Bet365,Chelsea
Burnley v Chelsea,Pedro Neto,2.5,7,Player Tackles,Bet365,Chelsea
Burnley v Chelsea,Pedro Neto,3.5,NA,Player Tackles,Bet365,Chelsea
Burnley v Chelsea,Quilindschy Hartman,0.5,NA,Player Tackles,Bet365,NA
Burnley v Chelsea,Quilindschy Hartman,1.5,1.2,Player Tackles,Bet365,NA
Burnley v Chelsea,Quilindschy Hartman,2.5,1.61,Player Tackles,Bet365,NA
Burnley v Chelsea,Quilindschy Hartman,3.5,2.62,Player Tackles,Bet365,NA
Burnley v Chelsea,Reece James,0.5,1.12,Player Tackles,Bet365,Chelsea
Burnley v Chelsea,Reece James,1.5,1.57,Player Tackles,Bet365,Chelsea
Burnley v Chelsea,Reece James,2.5,2.75,Player Tackles,Bet365,Chelsea
Burnley v Chelsea,Reece James,3.5,5,Player Tackles,Bet365,Chelsea
Burnley v Chelsea,Reggie Walsh,0.5,1.1,Player Tackles,Bet365,NA
Burnley v Chelsea,Reggie Walsh,1.5,1.5,Player Tackles,Bet365,NA
Burnley v Chelsea,Reggie Walsh,2.5,2.5,Player Tackles,Bet365,NA
Burnley v Chelsea,Reggie Walsh,3.5,4.5,Player Tackles,Bet365,NA
Burnley v Chelsea,Rom<c3><a9>o Lavia,0.5,1.16,Player Tackles,Bet365,NA
Burnley v Chelsea,Rom<c3><a9>o Lavia,1.5,1.83,Player Tackles,Bet365,NA
Burnley v Chelsea,Rom<c3><a9>o Lavia,2.5,3.5,Player Tackles,Bet365,NA
Burnley v Chelsea,Rom<c3><a9>o Lavia,3.5,7,Player Tackles,Bet365,NA
Burnley v Chelsea,Ryan Kavuma-McQueen,0.5,1.25,Player Tackles,Bet365,NA
Burnley v Chelsea,Ryan Kavuma-McQueen,1.5,2.2,Player Tackles,Bet365,NA
Burnley v Chelsea,Ryan Kavuma-McQueen,2.5,4.5,Player Tackles,Bet365,NA
Burnley v Chelsea,Ryan Kavuma-McQueen,3.5,NA,Player Tackles,Bet365,NA
Burnley v Chelsea,Tosin Adarabioyo,0.5,1.4,Player Tackles,Bet365,Chelsea
Burnley v Chelsea,Tosin Adarabioyo,1.5,2.75,Player Tackles,Bet365,Chelsea
Burnley v Chelsea,Tosin Adarabioyo,2.5,6.5,Player Tackles,Bet365,Chelsea
Burnley v Chelsea,Tosin Adarabioyo,3.5,NA,Player Tackles,Bet365,Chelsea
Burnley v Chelsea,Trevoh Chalobah,0.5,1.4,Player Tackles,Bet365,Chelsea
Burnley v Chelsea,Trevoh Chalobah,1.5,2.75,Player Tackles,Bet365,Chelsea
Burnley v Chelsea,Trevoh Chalobah,2.5,6.5,Player Tackles,Bet365,Chelsea
Burnley v Chelsea,Trevoh Chalobah,3.5,NA,Player Tackles,Bet365,Chelsea
Burnley v Chelsea,Tyrique George,0.5,1.83,Player Tackles,Bet365,Chelsea
Burnley v Chelsea,Tyrique George,1.5,5,Player Tackles,Bet365,Chelsea
Burnley v Chelsea,Tyrique George,2.5,NA,Player Tackles,Bet365,Chelsea
Burnley v Chelsea,Tyrique George,3.5,NA,Player Tackles,Bet365,Chelsea
Burnley v Chelsea,Wesley Fofana,0.5,1.33,Player Tackles,Bet365,Chelsea
Burnley v Chelsea,Wesley Fofana,1.5,2.5,Player Tackles,Bet365,Chelsea
Burnley v Chelsea,Wesley Fofana,2.5,5.5,Player Tackles,Bet365,Chelsea
Burnley v Chelsea,Wesley Fofana,3.5,NA,Player Tackles,Bet365,Chelsea
Burnley v Chelsea,Zian Flemming,0.5,1.61,Player Tackles,Bet365,NA
Burnley v Chelsea,Zian Flemming,1.5,4,Player Tackles,Bet365,NA
Burnley v Chelsea,Zian Flemming,2.5,8.5,Player Tackles,Bet365,NA
Burnley v Chelsea,Zian Flemming,3.5,NA,Player Tackles,Bet365,NA
Brighton & Hove Albion v Brentford,Aaron Hickey,0.5,1.2,Player Tackles,Bet365,Brentford
Brighton & Hove Albion v Brentford,Aaron Hickey,1.5,1.9,Player Tackles,Bet365,Brentford
Brighton & Hove Albion v Brentford,Aaron Hickey,2.5,3.75,Player Tackles,Bet365,Brentford
Brighton & Hove Albion v Brentford,Aaron Hickey,3.5,8,Player Tackles,Bet365,Brentford
Brighton & Hove Albion v Brentford,Benjamin Arthur,0.5,1.4,Player Tackles,Bet365,Brentford
Brighton & Hove Albion v Brentford,Benjamin Arthur,1.5,3,Player Tackles,Bet365,Brentford
Brighton & Hove Albion v Brentford,Benjamin Arthur,2.5,6.5,Player Tackles,Bet365,Brentford
Brighton & Hove Albion v Brentford,Benjamin Arthur,3.5,NA,Player Tackles,Bet365,Brentford
Brighton & Hove Albion v Brentford,Brajan Gruda,0.5,1.22,Player Tackles,Bet365,Brighton & Hove Albion
Brighton & Hove Albion v Brentford,Brajan Gruda,1.5,1.9,Player Tackles,Bet365,Brighton & Hove Albion
Brighton & Hove Albion v Brentford,Brajan Gruda,2.5,4,Player Tackles,Bet365,Brighton & Hove Albion
Brighton & Hove Albion v Brentford,Brajan Gruda,3.5,8,Player Tackles,Bet365,Brighton & Hove Albion
Brighton & Hove Albion v Brentford,Carlos Baleba,0.5,NA,Player Tackles,Bet365,Brighton & Hove Albion
Brighton & Hove Albion v Brentford,Carlos Baleba,1.5,1.25,Player Tackles,Bet365,Brighton & Hove Albion
Brighton & Hove Albion v Brentford,Carlos Baleba,2.5,1.72,Player Tackles,Bet365,Brighton & Hove Albion
Brighton & Hove Albion v Brentford,Carlos Baleba,3.5,2.75,Player Tackles,Bet365,Brighton & Hove Albion
Brighton & Hove Albion v Brentford,Charalampos Kostoulas,0.5,1.25,Player Tackles,Bet365,Brighton & Hove Albion
Brighton & Hove Albion v Brentford,Charalampos Kostoulas,1.5,2.1,Player Tackles,Bet365,Brighton & Hove Albion
Brighton & Hove Albion v Brentford,Charalampos Kostoulas,2.5,4.33,Player Tackles,Bet365,Brighton & Hove Albion
Brighton & Hove Albion v Brentford,Charalampos Kostoulas,3.5,8.5,Player Tackles,Bet365,Brighton & Hove Albion
Brighton & Hove Albion v Brentford,Charlie Tasker,0.5,1.083,Player Tackles,Bet365,NA
Brighton & Hove Albion v Brentford,Charlie Tasker,1.5,1.44,Player Tackles,Bet365,NA
Brighton & Hove Albion v Brentford,Charlie Tasker,2.5,2.25,Player Tackles,Bet365,NA
Brighton & Hove Albion v Brentford,Charlie Tasker,3.5,4.33,Player Tackles,Bet365,NA
Brighton & Hove Albion v Brentford,Dango Ouattara,0.5,1.14,Player Tackles,Bet365,Bournemouth
Brighton & Hove Albion v Brentford,Dango Ouattara,1.5,1.61,Player Tackles,Bet365,Bournemouth
Brighton & Hove Albion v Brentford,Dango Ouattara,2.5,3,Player Tackles,Bet365,Bournemouth
Brighton & Hove Albion v Brentford,Dango Ouattara,3.5,5.5,Player Tackles,Bet365,Bournemouth
Brighton & Hove Albion v Brentford,Danny Welbeck,0.5,1.4,Player Tackles,Bet365,Brighton & Hove Albion
Brighton & Hove Albion v Brentford,Danny Welbeck,1.5,3,Player Tackles,Bet365,Brighton & Hove Albion
Brighton & Hove Albion v Brentford,Danny Welbeck,2.5,7,Player Tackles,Bet365,Brighton & Hove Albion
Brighton & Hove Albion v Brentford,Danny Welbeck,3.5,NA,Player Tackles,Bet365,Brighton & Hove Albion
Brighton & Hove Albion v Brentford,Diego Coppola,0.5,1.11,Player Tackles,Bet365,Brighton & Hove Albion
Brighton & Hove Albion v Brentford,Diego Coppola,1.5,1.53,Player Tackles,Bet365,Brighton & Hove Albion
Brighton & Hove Albion v Brentford,Diego Coppola,2.5,2.62,Player Tackles,Bet365,Brighton & Hove Albion
Brighton & Hove Albion v Brentford,Diego Coppola,3.5,5,Player Tackles,Bet365,Brighton & Hove Albion
Brighton & Hove Albion v Brentford,Diego Gomez,0.5,NA,Player Tackles,Bet365,NA
Brighton & Hove Albion v Brentford,Diego Gomez,1.5,1.14,Player Tackles,Bet365,NA
Brighton & Hove Albion v Brentford,Diego Gomez,2.5,1.44,Player Tackles,Bet365,NA
Brighton & Hove Albion v Brentford,Diego Gomez,3.5,2.1,Player Tackles,Bet365,NA
Brighton & Hove Albion v Brentford,Ethan Pinnock,0.5,1.2,Player Tackles,Bet365,Brentford
Brighton & Hove Albion v Brentford,Ethan Pinnock,1.5,1.83,Player Tackles,Bet365,Brentford
Brighton & Hove Albion v Brentford,Ethan Pinnock,2.5,3.5,Player Tackles,Bet365,Brentford
Brighton & Hove Albion v Brentford,Ethan Pinnock,3.5,7,Player Tackles,Bet365,Brentford
Brighton & Hove Albion v Brentford,Ferdi Kadioglu,0.5,1.083,Player Tackles,Bet365,NA
Brighton & Hove Albion v Brentford,Ferdi Kadioglu,1.5,1.44,Player Tackles,Bet365,NA
Brighton & Hove Albion v Brentford,Ferdi Kadioglu,2.5,2.25,Player Tackles,Bet365,NA
Brighton & Hove Albion v Brentford,Ferdi Kadioglu,3.5,4.33,Player Tackles,Bet365,NA
Brighton & Hove Albion v Brentford,Frank Onyeka,0.5,NA,Player Tackles,Bet365,Brentford
Brighton & Hove Albion v Brentford,Frank Onyeka,1.5,1.2,Player Tackles,Bet365,Brentford
Brighton & Hove Albion v Brentford,Frank Onyeka,2.5,1.61,Player Tackles,Bet365,Brentford
Brighton & Hove Albion v Brentford,Frank Onyeka,3.5,2.5,Player Tackles,Bet365,Brentford
Brighton & Hove Albion v Brentford,Freddie Simmonds,0.5,1.25,Player Tackles,Bet365,NA
Brighton & Hove Albion v Brentford,Freddie Simmonds,1.5,2.1,Player Tackles,Bet365,NA
Brighton & Hove Albion v Brentford,Freddie Simmonds,2.5,4.33,Player Tackles,Bet365,NA
Brighton & Hove Albion v Brentford,Freddie Simmonds,3.5,8.5,Player Tackles,Bet365,NA
Brighton & Hove Albion v Brentford,Georginio Rutter,0.5,1.1,Player Tackles,Bet365,Brighton & Hove Albion
Brighton & Hove Albion v Brentford,Georginio Rutter,1.5,1.5,Player Tackles,Bet365,Brighton & Hove Albion
Brighton & Hove Albion v Brentford,Georginio Rutter,2.5,2.5,Player Tackles,Bet365,Brighton & Hove Albion
Brighton & Hove Albion v Brentford,Georginio Rutter,3.5,4.5,Player Tackles,Bet365,Brighton & Hove Albion
Brighton & Hove Albion v Brentford,Gustavo Nunes Gomes,0.5,1.33,Player Tackles,Bet365,NA
Brighton & Hove Albion v Brentford,Gustavo Nunes Gomes,1.5,2.5,Player Tackles,Bet365,NA
Brighton & Hove Albion v Brentford,Gustavo Nunes Gomes,2.5,5.5,Player Tackles,Bet365,NA
Brighton & Hove Albion v Brentford,Gustavo Nunes Gomes,3.5,NA,Player Tackles,Bet365,NA
Brighton & Hove Albion v Brentford,Igor Thiago,0.5,1.4,Player Tackles,Bet365,Brentford
Brighton & Hove Albion v Brentford,Igor Thiago,1.5,3,Player Tackles,Bet365,Brentford
Brighton & Hove Albion v Brentford,Igor Thiago,2.5,6.5,Player Tackles,Bet365,Brentford
Brighton & Hove Albion v Brentford,Igor Thiago,3.5,NA,Player Tackles,Bet365,Brentford
Brighton & Hove Albion v Brentford,Jack Hinshelwood,0.5,1.071,Player Tackles,Bet365,Brighton & Hove Albion
Brighton & Hove Albion v Brentford,Jack Hinshelwood,1.5,1.36,Player Tackles,Bet365,Brighton & Hove Albion
Brighton & Hove Albion v Brentford,Jack Hinshelwood,2.5,2.1,Player Tackles,Bet365,Brighton & Hove Albion
Brighton & Hove Albion v Brentford,Jack Hinshelwood,3.5,3.75,Player Tackles,Bet365,Brighton & Hove Albion
Brighton & Hove Albion v Brentford,James Milner,0.5,NA,Player Tackles,Bet365,Brighton & Hove Albion
Brighton & Hove Albion v Brentford,James Milner,1.5,1.14,Player Tackles,Bet365,Brighton & Hove Albion
Brighton & Hove Albion v Brentford,James Milner,2.5,1.44,Player Tackles,Bet365,Brighton & Hove Albion
Brighton & Hove Albion v Brentford,James Milner,3.5,2.1,Player Tackles,Bet365,Brighton & Hove Albion
Brighton & Hove Albion v Brentford,Jan Paul van Hecke,0.5,1.22,Player Tackles,Bet365,Brighton & Hove Albion
Brighton & Hove Albion v Brentford,Jan Paul van Hecke,1.5,1.9,Player Tackles,Bet365,Brighton & Hove Albion
Brighton & Hove Albion v Brentford,Jan Paul van Hecke,2.5,4,Player Tackles,Bet365,Brighton & Hove Albion
Brighton & Hove Albion v Brentford,Jan Paul van Hecke,3.5,8,Player Tackles,Bet365,Brighton & Hove Albion
Brighton & Hove Albion v Brentford,Joe Knight,0.5,NA,Player Tackles,Bet365,NA
Brighton & Hove Albion v Brentford,Joe Knight,1.5,1.25,Player Tackles,Bet365,NA
Brighton & Hove Albion v Brentford,Joe Knight,2.5,1.72,Player Tackles,Bet365,NA
Brighton & Hove Albion v Brentford,Joe Knight,3.5,2.75,Player Tackles,Bet365,NA
Brighton & Hove Albion v Brentford,Jo<c3><ab>l Veltman,0.5,1.062,Player Tackles,Bet365,NA
Brighton & Hove Albion v Brentford,Jo<c3><ab>l Veltman,1.5,1.33,Player Tackles,Bet365,NA
Brighton & Hove Albion v Brentford,Jo<c3><ab>l Veltman,2.5,2,Player Tackles,Bet365,NA
Brighton & Hove Albion v Brentford,Jo<c3><ab>l Veltman,3.5,3.5,Player Tackles,Bet365,NA
Brighton & Hove Albion v Brentford,Jordan Henderson,0.5,1.2,Player Tackles,Bet365,Brentford
Brighton & Hove Albion v Brentford,Jordan Henderson,1.5,1.9,Player Tackles,Bet365,Brentford
Brighton & Hove Albion v Brentford,Jordan Henderson,2.5,3.75,Player Tackles,Bet365,Brentford
Brighton & Hove Albion v Brentford,Jordan Henderson,3.5,8,Player Tackles,Bet365,Brentford
Brighton & Hove Albion v Brentford,Kaoru Mitoma,0.5,1.28,Player Tackles,Bet365,Brighton & Hove Albion
Brighton & Hove Albion v Brentford,Kaoru Mitoma,1.5,2.2,Player Tackles,Bet365,Brighton & Hove Albion
Brighton & Hove Albion v Brentford,Kaoru Mitoma,2.5,4.5,Player Tackles,Bet365,Brighton & Hove Albion
Brighton & Hove Albion v Brentford,Kaoru Mitoma,3.5,NA,Player Tackles,Bet365,Brighton & Hove Albion
Brighton & Hove Albion v Brentford,Keane Lewis-Potter,0.5,1.2,Player Tackles,Bet365,Brentford
Brighton & Hove Albion v Brentford,Keane Lewis-Potter,1.5,1.83,Player Tackles,Bet365,Brentford
Brighton & Hove Albion v Brentford,Keane Lewis-Potter,2.5,3.5,Player Tackles,Bet365,Brentford
Brighton & Hove Albion v Brentford,Keane Lewis-Potter,3.5,7,Player Tackles,Bet365,Brentford
Brighton & Hove Albion v Brentford,Kevin Schade,0.5,1.2,Player Tackles,Bet365,Brentford
Brighton & Hove Albion v Brentford,Kevin Schade,1.5,1.9,Player Tackles,Bet365,Brentford
Brighton & Hove Albion v Brentford,Kevin Schade,2.5,3.75,Player Tackles,Bet365,Brentford
Brighton & Hove Albion v Brentford,Kevin Schade,3.5,8,Player Tackles,Bet365,Brentford
Brighton & Hove Albion v Brentford,Kristoffer Ajer,0.5,1.12,Player Tackles,Bet365,Brentford
Brighton & Hove Albion v Brentford,Kristoffer Ajer,1.5,1.57,Player Tackles,Bet365,Brentford
Brighton & Hove Albion v Brentford,Kristoffer Ajer,2.5,2.62,Player Tackles,Bet365,Brentford
Brighton & Hove Albion v Brentford,Kristoffer Ajer,3.5,5,Player Tackles,Bet365,Brentford
Brighton & Hove Albion v Brentford,Lewis Dunk,0.5,1.44,Player Tackles,Bet365,Brighton & Hove Albion
Brighton & Hove Albion v Brentford,Lewis Dunk,1.5,3,Player Tackles,Bet365,Brighton & Hove Albion
Brighton & Hove Albion v Brentford,Lewis Dunk,2.5,7,Player Tackles,Bet365,Brighton & Hove Albion
Brighton & Hove Albion v Brentford,Lewis Dunk,3.5,NA,Player Tackles,Bet365,Brighton & Hove Albion
Brighton & Hove Albion v Brentford,Mathias Jensen,0.5,1.12,Player Tackles,Bet365,Brentford
Brighton & Hove Albion v Brentford,Mathias Jensen,1.5,1.57,Player Tackles,Bet365,Brentford
Brighton & Hove Albion v Brentford,Mathias Jensen,2.5,2.75,Player Tackles,Bet365,Brentford
Brighton & Hove Albion v Brentford,Mathias Jensen,3.5,5,Player Tackles,Bet365,Brentford
Brighton & Hove Albion v Brentford,Mats Wieffer,0.5,NA,Player Tackles,Bet365,Brighton & Hove Albion
Brighton & Hove Albion v Brentford,Mats Wieffer,1.5,1.062,Player Tackles,Bet365,Brighton & Hove Albion
Brighton & Hove Albion v Brentford,Mats Wieffer,2.5,1.22,Player Tackles,Bet365,Brighton & Hove Albion
Brighton & Hove Albion v Brentford,Mats Wieffer,3.5,1.53,Player Tackles,Bet365,Brighton & Hove Albion
Brighton & Hove Albion v Brentford,Maxim De Cuyper,0.5,1.071,Player Tackles,Bet365,Brighton & Hove Albion
Brighton & Hove Albion v Brentford,Maxim De Cuyper,1.5,1.36,Player Tackles,Bet365,Brighton & Hove Albion
Brighton & Hove Albion v Brentford,Maxim De Cuyper,2.5,2.1,Player Tackles,Bet365,Brighton & Hove Albion
Brighton & Hove Albion v Brentford,Maxim De Cuyper,3.5,3.75,Player Tackles,Bet365,Brighton & Hove Albion
Brighton & Hove Albion v Brentford,Michael Kayode,0.5,1.12,Player Tackles,Bet365,Brentford
Brighton & Hove Albion v Brentford,Michael Kayode,1.5,1.57,Player Tackles,Bet365,Brentford
Brighton & Hove Albion v Brentford,Michael Kayode,2.5,2.75,Player Tackles,Bet365,Brentford
Brighton & Hove Albion v Brentford,Michael Kayode,3.5,5,Player Tackles,Bet365,Brentford
Brighton & Hove Albion v Brentford,Mikkel Damsgaard,0.5,1.05,Player Tackles,Bet365,Brentford
Brighton & Hove Albion v Brentford,Mikkel Damsgaard,1.5,1.28,Player Tackles,Bet365,Brentford
Brighton & Hove Albion v Brentford,Mikkel Damsgaard,2.5,1.83,Player Tackles,Bet365,Brentford
Brighton & Hove Albion v Brentford,Mikkel Damsgaard,3.5,3.25,Player Tackles,Bet365,Brentford
Brighton & Hove Albion v Brentford,Myles Peart-Harris,0.5,1.2,Player Tackles,Bet365,Brentford
Brighton & Hove Albion v Brentford,Myles Peart-Harris,1.5,1.9,Player Tackles,Bet365,Brentford
Brighton & Hove Albion v Brentford,Myles Peart-Harris,2.5,3.75,Player Tackles,Bet365,Brentford
Brighton & Hove Albion v Brentford,Myles Peart-Harris,3.5,8,Player Tackles,Bet365,Brentford
Brighton & Hove Albion v Brentford,Nathan Collins,0.5,1.4,Player Tackles,Bet365,Brentford
Brighton & Hove Albion v Brentford,Nathan Collins,1.5,3,Player Tackles,Bet365,Brentford
Brighton & Hove Albion v Brentford,Nathan Collins,2.5,6.5,Player Tackles,Bet365,Brentford
Brighton & Hove Albion v Brentford,Nathan Collins,3.5,NA,Player Tackles,Bet365,Brentford
Brighton & Hove Albion v Brentford,Nehemiah Oriola,0.5,1.33,Player Tackles,Bet365,NA
Brighton & Hove Albion v Brentford,Nehemiah Oriola,1.5,2.5,Player Tackles,Bet365,NA
Brighton & Hove Albion v Brentford,Nehemiah Oriola,2.5,5,Player Tackles,Bet365,NA
Brighton & Hove Albion v Brentford,Nehemiah Oriola,3.5,NA,Player Tackles,Bet365,NA
Brighton & Hove Albion v Brentford,Olivier Boscagli,0.5,1.083,Player Tackles,Bet365,Brighton & Hove Albion
Brighton & Hove Albion v Brentford,Olivier Boscagli,1.5,1.44,Player Tackles,Bet365,Brighton & Hove Albion
Brighton & Hove Albion v Brentford,Olivier Boscagli,2.5,2.25,Player Tackles,Bet365,Brighton & Hove Albion
Brighton & Hove Albion v Brentford,Olivier Boscagli,3.5,4.33,Player Tackles,Bet365,Brighton & Hove Albion
Brighton & Hove Albion v Brentford,Reiss Nelson,0.5,1.33,Player Tackles,Bet365,Arsenal
Brighton & Hove Albion v Brentford,Reiss Nelson,1.5,2.5,Player Tackles,Bet365,Arsenal
Brighton & Hove Albion v Brentford,Reiss Nelson,2.5,5.5,Player Tackles,Bet365,Arsenal
Brighton & Hove Albion v Brentford,Reiss Nelson,3.5,NA,Player Tackles,Bet365,Arsenal
Brighton & Hove Albion v Brentford,Rico Henry,0.5,1.2,Player Tackles,Bet365,Brentford
Brighton & Hove Albion v Brentford,Rico Henry,1.5,1.9,Player Tackles,Bet365,Brentford
Brighton & Hove Albion v Brentford,Rico Henry,2.5,3.75,Player Tackles,Bet365,Brentford
Brighton & Hove Albion v Brentford,Rico Henry,3.5,8,Player Tackles,Bet365,Brentford
Brighton & Hove Albion v Brentford,Romelle Donovan,0.5,1.53,Player Tackles,Bet365,Brentford
Brighton & Hove Albion v Brentford,Romelle Donovan,1.5,3.5,Player Tackles,Bet365,Brentford
Brighton & Hove Albion v Brentford,Romelle Donovan,2.5,8,Player Tackles,Bet365,Brentford
Brighton & Hove Albion v Brentford,Romelle Donovan,3.5,NA,Player Tackles,Bet365,Brentford
Brighton & Hove Albion v Brentford,Sepp van den Berg,0.5,1.22,Player Tackles,Bet365,Brentford
Brighton & Hove Albion v Brentford,Sepp van den Berg,1.5,2,Player Tackles,Bet365,Brentford
Brighton & Hove Albion v Brentford,Sepp van den Berg,2.5,4.33,Player Tackles,Bet365,Brentford
Brighton & Hove Albion v Brentford,Sepp van den Berg,3.5,8.5,Player Tackles,Bet365,Brentford
Brighton & Hove Albion v Brentford,Stefanos Tzimas,0.5,1.25,Player Tackles,Bet365,Brighton & Hove Albion
Brighton & Hove Albion v Brentford,Stefanos Tzimas,1.5,2.1,Player Tackles,Bet365,Brighton & Hove Albion
Brighton & Hove Albion v Brentford,Stefanos Tzimas,2.5,4.33,Player Tackles,Bet365,Brighton & Hove Albion
Brighton & Hove Albion v Brentford,Stefanos Tzimas,3.5,8.5,Player Tackles,Bet365,Brighton & Hove Albion
Brighton & Hove Albion v Brentford,Tom Watson,0.5,1.33,Player Tackles,Bet365,Brighton & Hove Albion
Brighton & Hove Albion v Brentford,Tom Watson,1.5,2.5,Player Tackles,Bet365,Brighton & Hove Albion
Brighton & Hove Albion v Brentford,Tom Watson,2.5,5,Player Tackles,Bet365,Brighton & Hove Albion
Brighton & Hove Albion v Brentford,Tom Watson,3.5,NA,Player Tackles,Bet365,Brighton & Hove Albion
Brighton & Hove Albion v Brentford,Vitaly Janelt,0.5,1.22,Player Tackles,Bet365,Brentford
Brighton & Hove Albion v Brentford,Vitaly Janelt,1.5,2,Player Tackles,Bet365,Brentford
Brighton & Hove Albion v Brentford,Vitaly Janelt,2.5,4.33,Player Tackles,Bet365,Brentford
Brighton & Hove Albion v Brentford,Vitaly Janelt,3.5,8.5,Player Tackles,Bet365,Brentford
Brighton & Hove Albion v Brentford,Yankuba Minteh,0.5,1.05,Player Tackles,Bet365,Brighton & Hove Albion
Brighton & Hove Albion v Brentford,Yankuba Minteh,1.5,1.28,Player Tackles,Bet365,Brighton & Hove Albion
Brighton & Hove Albion v Brentford,Yankuba Minteh,2.5,1.83,Player Tackles,Bet365,Brighton & Hove Albion
Brighton & Hove Albion v Brentford,Yankuba Minteh,3.5,3,Player Tackles,Bet365,Brighton & Hove Albion
Brighton & Hove Albion v Brentford,Yasin Ayari,0.5,1.05,Player Tackles,Bet365,Brighton & Hove Albion
Brighton & Hove Albion v Brentford,Yasin Ayari,1.5,1.3,Player Tackles,Bet365,Brighton & Hove Albion
Brighton & Hove Albion v Brentford,Yasin Ayari,2.5,1.83,Player Tackles,Bet365,Brighton & Hove Albion
Brighton & Hove Albion v Brentford,Yasin Ayari,3.5,3.25,Player Tackles,Bet365,Brighton & Hove Albion
Brighton & Hove Albion v Brentford,Yegor Yarmolyuk,0.5,1.05,Player Tackles,Bet365,Brentford
Brighton & Hove Albion v Brentford,Yegor Yarmolyuk,1.5,1.28,Player Tackles,Bet365,Brentford
Brighton & Hove Albion v Brentford,Yegor Yarmolyuk,2.5,1.83,Player Tackles,Bet365,Brentford
Brighton & Hove Albion v Brentford,Yegor Yarmolyuk,3.5,3.25,Player Tackles,Bet365,Brentford
Brighton & Hove Albion v Brentford,Yunus Emre Konak,0.5,1.2,Player Tackles,Bet365,NA
Brighton & Hove Albion v Brentford,Yunus Emre Konak,1.5,1.9,Player Tackles,Bet365,NA
Brighton & Hove Albion v Brentford,Yunus Emre Konak,2.5,3.75,Player Tackles,Bet365,NA
Brighton & Hove Albion v Brentford,Yunus Emre Konak,3.5,8,Player Tackles,Bet365,NA
Fulham v Sunderland,Adama Traor<c3><a9>,0.5,1.72,Player Tackles,Bet365,NA
Fulham v Sunderland,Adama Traor<c3><a9>,1.5,4.33,Player Tackles,Bet365,NA
Fulham v Sunderland,Adama Traor<c3><a9>,2.5,NA,Player Tackles,Bet365,NA
Fulham v Sunderland,Adama Traor<c3><a9>,3.5,NA,Player Tackles,Bet365,NA
Fulham v Sunderland,Alex Iwobi,0.5,1.4,Player Tackles,Bet365,Fulham
Fulham v Sunderland,Alex Iwobi,1.5,2.75,Player Tackles,Bet365,Fulham
Fulham v Sunderland,Alex Iwobi,2.5,6.5,Player Tackles,Bet365,Fulham
Fulham v Sunderland,Alex Iwobi,3.5,NA,Player Tackles,Bet365,Fulham
Fulham v Sunderland,Antonee Robinson,0.5,1.062,Player Tackles,Bet365,Fulham
Fulham v Sunderland,Antonee Robinson,1.5,1.33,Player Tackles,Bet365,Fulham
Fulham v Sunderland,Antonee Robinson,2.5,2,Player Tackles,Bet365,Fulham
Fulham v Sunderland,Antonee Robinson,3.5,3.5,Player Tackles,Bet365,Fulham
Fulham v Sunderland,Arthur Masuaku,0.5,1.33,Player Tackles,Bet365,NA
Fulham v Sunderland,Arthur Masuaku,1.5,2.5,Player Tackles,Bet365,NA
Fulham v Sunderland,Arthur Masuaku,2.5,5.5,Player Tackles,Bet365,NA
Fulham v Sunderland,Arthur Masuaku,3.5,NA,Player Tackles,Bet365,NA
Fulham v Sunderland,Bertrand Traore,0.5,1.53,Player Tackles,Bet365,NA
Fulham v Sunderland,Bertrand Traore,1.5,3.5,Player Tackles,Bet365,NA
Fulham v Sunderland,Bertrand Traore,2.5,8,Player Tackles,Bet365,NA
Fulham v Sunderland,Bertrand Traore,3.5,NA,Player Tackles,Bet365,NA
Fulham v Sunderland,Brian Brobbey,0.5,1.33,Player Tackles,Bet365,NA
Fulham v Sunderland,Brian Brobbey,1.5,2.5,Player Tackles,Bet365,NA
Fulham v Sunderland,Brian Brobbey,2.5,5.5,Player Tackles,Bet365,NA
Fulham v Sunderland,Brian Brobbey,3.5,NA,Player Tackles,Bet365,NA
Fulham v Sunderland,Calvin Bassey,0.5,1.28,Player Tackles,Bet365,Fulham
Fulham v Sunderland,Calvin Bassey,1.5,2.25,Player Tackles,Bet365,Fulham
Fulham v Sunderland,Calvin Bassey,2.5,4.5,Player Tackles,Bet365,Fulham
Fulham v Sunderland,Calvin Bassey,3.5,NA,Player Tackles,Bet365,Fulham
Fulham v Sunderland,Chemsdine Talbi,0.5,1.33,Player Tackles,Bet365,NA
Fulham v Sunderland,Chemsdine Talbi,1.5,2.5,Player Tackles,Bet365,NA
Fulham v Sunderland,Chemsdine Talbi,2.5,5.5,Player Tackles,Bet365,NA
Fulham v Sunderland,Chemsdine Talbi,3.5,NA,Player Tackles,Bet365,NA
Fulham v Sunderland,Chris Rigg,0.5,1.2,Player Tackles,Bet365,NA
Fulham v Sunderland,Chris Rigg,1.5,1.9,Player Tackles,Bet365,NA
Fulham v Sunderland,Chris Rigg,2.5,4,Player Tackles,Bet365,NA
Fulham v Sunderland,Chris Rigg,3.5,8,Player Tackles,Bet365,NA
Fulham v Sunderland,Dan Neil,0.5,1.14,Player Tackles,Bet365,NA
Fulham v Sunderland,Dan Neil,1.5,1.66,Player Tackles,Bet365,NA
Fulham v Sunderland,Dan Neil,2.5,3,Player Tackles,Bet365,NA
Fulham v Sunderland,Dan Neil,3.5,5.5,Player Tackles,Bet365,NA
Fulham v Sunderland,Daniel Ballard,0.5,1.2,Player Tackles,Bet365,NA
Fulham v Sunderland,Daniel Ballard,1.5,1.9,Player Tackles,Bet365,NA
Fulham v Sunderland,Daniel Ballard,2.5,4,Player Tackles,Bet365,NA
Fulham v Sunderland,Daniel Ballard,3.5,8,Player Tackles,Bet365,NA
Fulham v Sunderland,Eliezer Mayenda,0.5,2.5,Player Tackles,Bet365,NA
Fulham v Sunderland,Eliezer Mayenda,1.5,7.5,Player Tackles,Bet365,NA
Fulham v Sunderland,Eliezer Mayenda,2.5,NA,Player Tackles,Bet365,NA
Fulham v Sunderland,Eliezer Mayenda,3.5,NA,Player Tackles,Bet365,NA
Fulham v Sunderland,Emile Smith Rowe,0.5,1.28,Player Tackles,Bet365,Fulham
Fulham v Sunderland,Emile Smith Rowe,1.5,2.25,Player Tackles,Bet365,Fulham
Fulham v Sunderland,Emile Smith Rowe,2.5,4.5,Player Tackles,Bet365,Fulham
Fulham v Sunderland,Emile Smith Rowe,3.5,NA,Player Tackles,Bet365,Fulham
Fulham v Sunderland,Enzo Le Fee,0.5,NA,Player Tackles,Bet365,NA
Fulham v Sunderland,Enzo Le Fee,1.5,1.22,Player Tackles,Bet365,NA
Fulham v Sunderland,Enzo Le Fee,2.5,1.72,Player Tackles,Bet365,NA
Fulham v Sunderland,Enzo Le Fee,3.5,2.75,Player Tackles,Bet365,NA
Fulham v Sunderland,Granit Xhaka,0.5,1.14,Player Tackles,Bet365,NA
Fulham v Sunderland,Granit Xhaka,1.5,1.66,Player Tackles,Bet365,NA
Fulham v Sunderland,Granit Xhaka,2.5,3,Player Tackles,Bet365,NA
Fulham v Sunderland,Granit Xhaka,3.5,5.5,Player Tackles,Bet365,NA
Fulham v Sunderland,Harrison Jones,0.5,1.14,Player Tackles,Bet365,NA
Fulham v Sunderland,Harrison Jones,1.5,1.66,Player Tackles,Bet365,NA
Fulham v Sunderland,Harrison Jones,2.5,3,Player Tackles,Bet365,NA
Fulham v Sunderland,Harrison Jones,3.5,5.5,Player Tackles,Bet365,NA
Fulham v Sunderland,Harrison Reed,0.5,NA,Player Tackles,Bet365,Fulham
Fulham v Sunderland,Harrison Reed,1.5,1.25,Player Tackles,Bet365,Fulham
Fulham v Sunderland,Harrison Reed,2.5,1.8,Player Tackles,Bet365,Fulham
Fulham v Sunderland,Harrison Reed,3.5,3,Player Tackles,Bet365,Fulham
Fulham v Sunderland,Harry Wilson,0.5,1.33,Player Tackles,Bet365,Fulham
Fulham v Sunderland,Harry Wilson,1.5,2.5,Player Tackles,Bet365,Fulham
Fulham v Sunderland,Harry Wilson,2.5,5,Player Tackles,Bet365,Fulham
Fulham v Sunderland,Harry Wilson,3.5,NA,Player Tackles,Bet365,Fulham
Fulham v Sunderland,Issa Diop,0.5,1.16,Player Tackles,Bet365,Fulham
Fulham v Sunderland,Issa Diop,1.5,1.83,Player Tackles,Bet365,Fulham
Fulham v Sunderland,Issa Diop,2.5,3.5,Player Tackles,Bet365,Fulham
Fulham v Sunderland,Issa Diop,3.5,7,Player Tackles,Bet365,Fulham
Fulham v Sunderland,Joachim Andersen,0.5,1.25,Player Tackles,Bet365,Fulham
Fulham v Sunderland,Joachim Andersen,1.5,2.1,Player Tackles,Bet365,Fulham
Fulham v Sunderland,Joachim Andersen,2.5,4.33,Player Tackles,Bet365,Fulham
Fulham v Sunderland,Joachim Andersen,3.5,8.5,Player Tackles,Bet365,Fulham
Fulham v Sunderland,Jonah Kusi-Asare,0.5,1.11,Player Tackles,Bet365,NA
Fulham v Sunderland,Jonah Kusi-Asare,1.5,1.57,Player Tackles,Bet365,NA
Fulham v Sunderland,Jonah Kusi-Asare,2.5,2.62,Player Tackles,Bet365,NA
Fulham v Sunderland,Jonah Kusi-Asare,3.5,5,Player Tackles,Bet365,NA
Fulham v Sunderland,Jorge Cuenca,0.5,1.12,Player Tackles,Bet365,Fulham
Fulham v Sunderland,Jorge Cuenca,1.5,1.61,Player Tackles,Bet365,Fulham
Fulham v Sunderland,Jorge Cuenca,2.5,2.75,Player Tackles,Bet365,Fulham
Fulham v Sunderland,Jorge Cuenca,3.5,5.5,Player Tackles,Bet365,Fulham
Fulham v Sunderland,Joshua King,0.5,1.25,Player Tackles,Bet365,NA
Fulham v Sunderland,Joshua King,1.5,2.1,Player Tackles,Bet365,NA
Fulham v Sunderland,Joshua King,2.5,4.33,Player Tackles,Bet365,NA
Fulham v Sunderland,Joshua King,3.5,8.5,Player Tackles,Bet365,NA
Fulham v Sunderland,Kenny Tete,0.5,NA,Player Tackles,Bet365,Fulham
Fulham v Sunderland,Kenny Tete,1.5,1.25,Player Tackles,Bet365,Fulham
Fulham v Sunderland,Kenny Tete,2.5,1.8,Player Tackles,Bet365,Fulham
Fulham v Sunderland,Kenny Tete,3.5,3,Player Tackles,Bet365,Fulham
Fulham v Sunderland,Kevin Macedo,0.5,1.33,Player Tackles,Bet365,NA
Fulham v Sunderland,Kevin Macedo,1.5,2.5,Player Tackles,Bet365,NA
Fulham v Sunderland,Kevin Macedo,2.5,5,Player Tackles,Bet365,NA
Fulham v Sunderland,Kevin Macedo,3.5,NA,Player Tackles,Bet365,NA
Fulham v Sunderland,Luke O'Nien,0.5,1.25,Player Tackles,Bet365,NA
Fulham v Sunderland,Luke O'Nien,1.5,2.2,Player Tackles,Bet365,NA
Fulham v Sunderland,Luke O'Nien,2.5,4.5,Player Tackles,Bet365,NA
Fulham v Sunderland,Luke O'Nien,3.5,NA,Player Tackles,Bet365,NA
Fulham v Sunderland,Lutsharel Geertruida,0.5,1.2,Player Tackles,Bet365,NA
Fulham v Sunderland,Lutsharel Geertruida,1.5,1.9,Player Tackles,Bet365,NA
Fulham v Sunderland,Lutsharel Geertruida,2.5,4,Player Tackles,Bet365,NA
Fulham v Sunderland,Lutsharel Geertruida,3.5,8,Player Tackles,Bet365,NA
Fulham v Sunderland,Noah Sadiki,0.5,1.12,Player Tackles,Bet365,NA
Fulham v Sunderland,Noah Sadiki,1.5,1.57,Player Tackles,Bet365,NA
Fulham v Sunderland,Noah Sadiki,2.5,2.62,Player Tackles,Bet365,NA
Fulham v Sunderland,Noah Sadiki,3.5,5,Player Tackles,Bet365,NA
Fulham v Sunderland,Nordi Mukiele,0.5,1.071,Player Tackles,Bet365,NA
Fulham v Sunderland,Nordi Mukiele,1.5,1.36,Player Tackles,Bet365,NA
Fulham v Sunderland,Nordi Mukiele,2.5,2.1,Player Tackles,Bet365,NA
Fulham v Sunderland,Nordi Mukiele,3.5,3.75,Player Tackles,Bet365,NA
Fulham v Sunderland,Omar Alderete,0.5,1.25,Player Tackles,Bet365,NA
Fulham v Sunderland,Omar Alderete,1.5,2.2,Player Tackles,Bet365,NA
Fulham v Sunderland,Omar Alderete,2.5,4.5,Player Tackles,Bet365,NA
Fulham v Sunderland,Omar Alderete,3.5,NA,Player Tackles,Bet365,NA
Fulham v Sunderland,Ra<c3><ba>l Jim<c3><a9>nez,0.5,1.4,Player Tackles,Bet365,NA
Fulham v Sunderland,Ra<c3><ba>l Jim<c3><a9>nez,1.5,2.75,Player Tackles,Bet365,NA
Fulham v Sunderland,Ra<c3><ba>l Jim<c3><a9>nez,2.5,6.5,Player Tackles,Bet365,NA
Fulham v Sunderland,Ra<c3><ba>l Jim<c3><a9>nez,3.5,NA,Player Tackles,Bet365,NA
Fulham v Sunderland,Reinildo Mandava,0.5,1.1,Player Tackles,Bet365,NA
Fulham v Sunderland,Reinildo Mandava,1.5,1.5,Player Tackles,Bet365,NA
Fulham v Sunderland,Reinildo Mandava,2.5,2.5,Player Tackles,Bet365,NA
Fulham v Sunderland,Reinildo Mandava,3.5,4.5,Player Tackles,Bet365,NA
Fulham v Sunderland,Ryan Sessegnon,0.5,1.071,Player Tackles,Bet365,Fulham
Fulham v Sunderland,Ryan Sessegnon,1.5,1.36,Player Tackles,Bet365,Fulham
Fulham v Sunderland,Ryan Sessegnon,2.5,2.1,Player Tackles,Bet365,Fulham
Fulham v Sunderland,Ryan Sessegnon,3.5,3.75,Player Tackles,Bet365,Fulham
Fulham v Sunderland,Samuel Amissah,0.5,1.25,Player Tackles,Bet365,NA
Fulham v Sunderland,Samuel Amissah,1.5,2.1,Player Tackles,Bet365,NA
Fulham v Sunderland,Samuel Amissah,2.5,4.33,Player Tackles,Bet365,NA
Fulham v Sunderland,Samuel Amissah,3.5,8.5,Player Tackles,Bet365,NA
Fulham v Sunderland,Samuel Chukwueze,0.5,1.4,Player Tackles,Bet365,NA
Fulham v Sunderland,Samuel Chukwueze,1.5,2.75,Player Tackles,Bet365,NA
Fulham v Sunderland,Samuel Chukwueze,2.5,6.5,Player Tackles,Bet365,NA
Fulham v Sunderland,Samuel Chukwueze,3.5,NA,Player Tackles,Bet365,NA
Fulham v Sunderland,Sander Berge,0.5,1.083,Player Tackles,Bet365,Fulham
Fulham v Sunderland,Sander Berge,1.5,1.44,Player Tackles,Bet365,Fulham
Fulham v Sunderland,Sander Berge,2.5,2.25,Player Tackles,Bet365,Fulham
Fulham v Sunderland,Sander Berge,3.5,4.33,Player Tackles,Bet365,Fulham
Fulham v Sunderland,Simon Adingra,0.5,1.33,Player Tackles,Bet365,NA
Fulham v Sunderland,Simon Adingra,1.5,2.5,Player Tackles,Bet365,NA
Fulham v Sunderland,Simon Adingra,2.5,5.5,Player Tackles,Bet365,NA
Fulham v Sunderland,Simon Adingra,3.5,NA,Player Tackles,Bet365,NA
Fulham v Sunderland,Timothy Castagne,0.5,1.12,Player Tackles,Bet365,Fulham
Fulham v Sunderland,Timothy Castagne,1.5,1.61,Player Tackles,Bet365,Fulham
Fulham v Sunderland,Timothy Castagne,2.5,2.75,Player Tackles,Bet365,Fulham
Fulham v Sunderland,Timothy Castagne,3.5,5.5,Player Tackles,Bet365,Fulham
Fulham v Sunderland,Tom Cairney,0.5,1.28,Player Tackles,Bet365,Fulham
Fulham v Sunderland,Tom Cairney,1.5,2.25,Player Tackles,Bet365,Fulham
Fulham v Sunderland,Tom Cairney,2.5,4.5,Player Tackles,Bet365,Fulham
Fulham v Sunderland,Tom Cairney,3.5,NA,Player Tackles,Bet365,Fulham
Fulham v Sunderland,Trai Hume,0.5,1.2,Player Tackles,Bet365,NA
Fulham v Sunderland,Trai Hume,1.5,1.9,Player Tackles,Bet365,NA
Fulham v Sunderland,Trai Hume,2.5,4,Player Tackles,Bet365,NA
Fulham v Sunderland,Trai Hume,3.5,8,Player Tackles,Bet365,NA
Fulham v Sunderland,Wilson Isidor,0.5,1.83,Player Tackles,Bet365,NA
Fulham v Sunderland,Wilson Isidor,1.5,4.5,Player Tackles,Bet365,NA
Fulham v Sunderland,Wilson Isidor,2.5,NA,Player Tackles,Bet365,NA
Fulham v Sunderland,Wilson Isidor,3.5,NA,Player Tackles,Bet365,NA
Wolverhampton Wanderers v Crystal Palace,Adam Wharton,0.5,NA,Player Tackles,Bet365,Crystal Palace
Wolverhampton Wanderers v Crystal Palace,Adam Wharton,1.5,1.25,Player Tackles,Bet365,Crystal Palace
Wolverhampton Wanderers v Crystal Palace,Adam Wharton,2.5,1.72,Player Tackles,Bet365,Crystal Palace
Wolverhampton Wanderers v Crystal Palace,Adam Wharton,3.5,2.75,Player Tackles,Bet365,Crystal Palace
Wolverhampton Wanderers v Crystal Palace,Andre Trindade,0.5,1.05,Player Tackles,Bet365,NA
Wolverhampton Wanderers v Crystal Palace,Andre Trindade,1.5,1.3,Player Tackles,Bet365,NA
Wolverhampton Wanderers v Crystal Palace,Andre Trindade,2.5,1.83,Player Tackles,Bet365,NA
Wolverhampton Wanderers v Crystal Palace,Andre Trindade,3.5,3.25,Player Tackles,Bet365,NA
Wolverhampton Wanderers v Crystal Palace,Borna Sosa,0.5,NA,Player Tackles,Bet365,Crystal Palace
Wolverhampton Wanderers v Crystal Palace,Borna Sosa,1.5,1.083,Player Tackles,Bet365,Crystal Palace
Wolverhampton Wanderers v Crystal Palace,Borna Sosa,2.5,1.3,Player Tackles,Bet365,Crystal Palace
Wolverhampton Wanderers v Crystal Palace,Borna Sosa,3.5,1.8,Player Tackles,Bet365,Crystal Palace
Wolverhampton Wanderers v Crystal Palace,Chris Richards,0.5,1.16,Player Tackles,Bet365,Crystal Palace
Wolverhampton Wanderers v Crystal Palace,Chris Richards,1.5,1.72,Player Tackles,Bet365,Crystal Palace
Wolverhampton Wanderers v Crystal Palace,Chris Richards,2.5,3.4,Player Tackles,Bet365,Crystal Palace
Wolverhampton Wanderers v Crystal Palace,Chris Richards,3.5,6.5,Player Tackles,Bet365,Crystal Palace
Wolverhampton Wanderers v Crystal Palace,Chrisantus Uche,0.5,1.44,Player Tackles,Bet365,NA
Wolverhampton Wanderers v Crystal Palace,Chrisantus Uche,1.5,3,Player Tackles,Bet365,NA
Wolverhampton Wanderers v Crystal Palace,Chrisantus Uche,2.5,7,Player Tackles,Bet365,NA
Wolverhampton Wanderers v Crystal Palace,Chrisantus Uche,3.5,NA,Player Tackles,Bet365,NA
Wolverhampton Wanderers v Crystal Palace,Daichi Kamada,0.5,1.062,Player Tackles,Bet365,Crystal Palace
Wolverhampton Wanderers v Crystal Palace,Daichi Kamada,1.5,1.3,Player Tackles,Bet365,Crystal Palace
Wolverhampton Wanderers v Crystal Palace,Daichi Kamada,2.5,1.9,Player Tackles,Bet365,Crystal Palace
Wolverhampton Wanderers v Crystal Palace,Daichi Kamada,3.5,3.4,Player Tackles,Bet365,Crystal Palace
Wolverhampton Wanderers v Crystal Palace,Daniel Mu<c3><b1>oz,0.5,NA,Player Tackles,Bet365,NA
Wolverhampton Wanderers v Crystal Palace,Daniel Mu<c3><b1>oz,1.5,1.14,Player Tackles,Bet365,NA
Wolverhampton Wanderers v Crystal Palace,Daniel Mu<c3><b1>oz,2.5,1.5,Player Tackles,Bet365,NA
Wolverhampton Wanderers v Crystal Palace,Daniel Mu<c3><b1>oz,3.5,2.2,Player Tackles,Bet365,NA
Wolverhampton Wanderers v Crystal Palace,David Wolfe,0.5,1.22,Player Tackles,Bet365,NA
Wolverhampton Wanderers v Crystal Palace,David Wolfe,1.5,2,Player Tackles,Bet365,NA
Wolverhampton Wanderers v Crystal Palace,David Wolfe,2.5,4,Player Tackles,Bet365,NA
Wolverhampton Wanderers v Crystal Palace,David Wolfe,3.5,8,Player Tackles,Bet365,NA
Wolverhampton Wanderers v Crystal Palace,Eddie Nketiah,0.5,1.28,Player Tackles,Bet365,Crystal Palace
Wolverhampton Wanderers v Crystal Palace,Eddie Nketiah,1.5,2.25,Player Tackles,Bet365,Crystal Palace
Wolverhampton Wanderers v Crystal Palace,Eddie Nketiah,2.5,4.5,Player Tackles,Bet365,Crystal Palace
Wolverhampton Wanderers v Crystal Palace,Eddie Nketiah,3.5,NA,Player Tackles,Bet365,Crystal Palace
Wolverhampton Wanderers v Crystal Palace,Emmanuel Agbadou,0.5,1.1,Player Tackles,Bet365,Wolverhampton Wanderers
Wolverhampton Wanderers v Crystal Palace,Emmanuel Agbadou,1.5,1.5,Player Tackles,Bet365,Wolverhampton Wanderers
Wolverhampton Wanderers v Crystal Palace,Emmanuel Agbadou,2.5,2.37,Player Tackles,Bet365,Wolverhampton Wanderers
Wolverhampton Wanderers v Crystal Palace,Emmanuel Agbadou,3.5,4.5,Player Tackles,Bet365,Wolverhampton Wanderers
Wolverhampton Wanderers v Crystal Palace,Fernando Lopez,0.5,1.071,Player Tackles,Bet365,NA
Wolverhampton Wanderers v Crystal Palace,Fernando Lopez,1.5,1.4,Player Tackles,Bet365,NA
Wolverhampton Wanderers v Crystal Palace,Fernando Lopez,2.5,2.2,Player Tackles,Bet365,NA
Wolverhampton Wanderers v Crystal Palace,Fernando Lopez,3.5,4,Player Tackles,Bet365,NA
Wolverhampton Wanderers v Crystal Palace,Hee-chan Hwang,0.5,1.44,Player Tackles,Bet365,Wolverhampton Wanderers
Wolverhampton Wanderers v Crystal Palace,Hee-chan Hwang,1.5,3.25,Player Tackles,Bet365,Wolverhampton Wanderers
Wolverhampton Wanderers v Crystal Palace,Hee-chan Hwang,2.5,7.5,Player Tackles,Bet365,Wolverhampton Wanderers
Wolverhampton Wanderers v Crystal Palace,Hee-chan Hwang,3.5,NA,Player Tackles,Bet365,Wolverhampton Wanderers
Wolverhampton Wanderers v Crystal Palace,Hugo Bueno,0.5,1.11,Player Tackles,Bet365,Wolverhampton Wanderers
Wolverhampton Wanderers v Crystal Palace,Hugo Bueno,1.5,1.53,Player Tackles,Bet365,Wolverhampton Wanderers
Wolverhampton Wanderers v Crystal Palace,Hugo Bueno,2.5,2.62,Player Tackles,Bet365,Wolverhampton Wanderers
Wolverhampton Wanderers v Crystal Palace,Hugo Bueno,3.5,4.5,Player Tackles,Bet365,Wolverhampton Wanderers
Wolverhampton Wanderers v Crystal Palace,Isma<c3><af>la Sarr,0.5,1.5,Player Tackles,Bet365,NA
Wolverhampton Wanderers v Crystal Palace,Isma<c3><af>la Sarr,1.5,3.4,Player Tackles,Bet365,NA
Wolverhampton Wanderers v Crystal Palace,Isma<c3><af>la Sarr,2.5,8,Player Tackles,Bet365,NA
Wolverhampton Wanderers v Crystal Palace,Isma<c3><af>la Sarr,3.5,NA,Player Tackles,Bet365,NA
Wolverhampton Wanderers v Crystal Palace,Jackson Tchatchoua,0.5,1.11,Player Tackles,Bet365,NA
Wolverhampton Wanderers v Crystal Palace,Jackson Tchatchoua,1.5,1.53,Player Tackles,Bet365,NA
Wolverhampton Wanderers v Crystal Palace,Jackson Tchatchoua,2.5,2.62,Player Tackles,Bet365,NA
Wolverhampton Wanderers v Crystal Palace,Jackson Tchatchoua,3.5,4.5,Player Tackles,Bet365,NA
Wolverhampton Wanderers v Crystal Palace,Jaydee Canvot,0.5,1.1,Player Tackles,Bet365,NA
Wolverhampton Wanderers v Crystal Palace,Jaydee Canvot,1.5,1.5,Player Tackles,Bet365,NA
Wolverhampton Wanderers v Crystal Palace,Jaydee Canvot,2.5,2.37,Player Tackles,Bet365,NA
Wolverhampton Wanderers v Crystal Palace,Jaydee Canvot,3.5,4.33,Player Tackles,Bet365,NA
Wolverhampton Wanderers v Crystal Palace,Jean-Philippe Mateta,0.5,2.1,Player Tackles,Bet365,Crystal Palace
Wolverhampton Wanderers v Crystal Palace,Jean-Philippe Mateta,1.5,6,Player Tackles,Bet365,Crystal Palace
Wolverhampton Wanderers v Crystal Palace,Jean-Philippe Mateta,2.5,NA,Player Tackles,Bet365,Crystal Palace
Wolverhampton Wanderers v Crystal Palace,Jean-Philippe Mateta,3.5,NA,Player Tackles,Bet365,Crystal Palace
Wolverhampton Wanderers v Crystal Palace,Jeanricner Bellegarde,0.5,1.11,Player Tackles,Bet365,NA
Wolverhampton Wanderers v Crystal Palace,Jeanricner Bellegarde,1.5,1.53,Player Tackles,Bet365,NA
Wolverhampton Wanderers v Crystal Palace,Jeanricner Bellegarde,2.5,2.62,Player Tackles,Bet365,NA
Wolverhampton Wanderers v Crystal Palace,Jeanricner Bellegarde,3.5,4.5,Player Tackles,Bet365,NA
Wolverhampton Wanderers v Crystal Palace,Jefferson Lerma,0.5,1.25,Player Tackles,Bet365,Crystal Palace
Wolverhampton Wanderers v Crystal Palace,Jefferson Lerma,1.5,2.1,Player Tackles,Bet365,Crystal Palace
Wolverhampton Wanderers v Crystal Palace,Jefferson Lerma,2.5,4.33,Player Tackles,Bet365,Crystal Palace
Wolverhampton Wanderers v Crystal Palace,Jefferson Lerma,3.5,8.5,Player Tackles,Bet365,Crystal Palace
Wolverhampton Wanderers v Crystal Palace,Jhon Arias,0.5,1.12,Player Tackles,Bet365,Wolverhampton Wanderers
Wolverhampton Wanderers v Crystal Palace,Jhon Arias,1.5,1.57,Player Tackles,Bet365,Wolverhampton Wanderers
Wolverhampton Wanderers v Crystal Palace,Jhon Arias,2.5,2.75,Player Tackles,Bet365,Wolverhampton Wanderers
Wolverhampton Wanderers v Crystal Palace,Jhon Arias,3.5,5,Player Tackles,Bet365,Wolverhampton Wanderers
Wolverhampton Wanderers v Crystal Palace,Jo<c3><a3>o Gomes,0.5,NA,Player Tackles,Bet365,NA
Wolverhampton Wanderers v Crystal Palace,Jo<c3><a3>o Gomes,1.5,1.14,Player Tackles,Bet365,NA
Wolverhampton Wanderers v Crystal Palace,Jo<c3><a3>o Gomes,2.5,1.44,Player Tackles,Bet365,NA
Wolverhampton Wanderers v Crystal Palace,Jo<c3><a3>o Gomes,3.5,2.1,Player Tackles,Bet365,NA
Wolverhampton Wanderers v Crystal Palace,Jorgen Larsen,0.5,1.83,Player Tackles,Bet365,NA
Wolverhampton Wanderers v Crystal Palace,Jorgen Larsen,1.5,5,Player Tackles,Bet365,NA
Wolverhampton Wanderers v Crystal Palace,Jorgen Larsen,2.5,NA,Player Tackles,Bet365,NA
Wolverhampton Wanderers v Crystal Palace,Jorgen Larsen,3.5,NA,Player Tackles,Bet365,NA
Wolverhampton Wanderers v Crystal Palace,Justin Devenny,0.5,NA,Player Tackles,Bet365,Crystal Palace
Wolverhampton Wanderers v Crystal Palace,Justin Devenny,1.5,1.25,Player Tackles,Bet365,Crystal Palace
Wolverhampton Wanderers v Crystal Palace,Justin Devenny,2.5,1.72,Player Tackles,Bet365,Crystal Palace
Wolverhampton Wanderers v Crystal Palace,Justin Devenny,3.5,2.75,Player Tackles,Bet365,Crystal Palace
Wolverhampton Wanderers v Crystal Palace,Kaden Rodney,0.5,1.05,Player Tackles,Bet365,Crystal Palace
Wolverhampton Wanderers v Crystal Palace,Kaden Rodney,1.5,1.28,Player Tackles,Bet365,Crystal Palace
Wolverhampton Wanderers v Crystal Palace,Kaden Rodney,2.5,1.83,Player Tackles,Bet365,Crystal Palace
Wolverhampton Wanderers v Crystal Palace,Kaden Rodney,3.5,3.25,Player Tackles,Bet365,Crystal Palace
Wolverhampton Wanderers v Crystal Palace,Ki-Jana Hoever,0.5,NA,Player Tackles,Bet365,Wolverhampton Wanderers
Wolverhampton Wanderers v Crystal Palace,Ki-Jana Hoever,1.5,1.2,Player Tackles,Bet365,Wolverhampton Wanderers
Wolverhampton Wanderers v Crystal Palace,Ki-Jana Hoever,2.5,1.61,Player Tackles,Bet365,Wolverhampton Wanderers
Wolverhampton Wanderers v Crystal Palace,Ki-Jana Hoever,3.5,2.62,Player Tackles,Bet365,Wolverhampton Wanderers
Wolverhampton Wanderers v Crystal Palace,Ladislav Krejci,0.5,1.14,Player Tackles,Bet365,NA
Wolverhampton Wanderers v Crystal Palace,Ladislav Krejci,1.5,1.72,Player Tackles,Bet365,NA
Wolverhampton Wanderers v Crystal Palace,Ladislav Krejci,2.5,3.25,Player Tackles,Bet365,NA
Wolverhampton Wanderers v Crystal Palace,Ladislav Krejci,3.5,6.5,Player Tackles,Bet365,NA
Wolverhampton Wanderers v Crystal Palace,Marc Gu<c3><a9>hi,0.5,1.12,Player Tackles,Bet365,NA
Wolverhampton Wanderers v Crystal Palace,Marc Gu<c3><a9>hi,1.5,1.57,Player Tackles,Bet365,NA
Wolverhampton Wanderers v Crystal Palace,Marc Gu<c3><a9>hi,2.5,2.75,Player Tackles,Bet365,NA
Wolverhampton Wanderers v Crystal Palace,Marc Gu<c3><a9>hi,3.5,5,Player Tackles,Bet365,NA
Wolverhampton Wanderers v Crystal Palace,Marshall Munetsi,0.5,1.071,Player Tackles,Bet365,Wolverhampton Wanderers
Wolverhampton Wanderers v Crystal Palace,Marshall Munetsi,1.5,1.36,Player Tackles,Bet365,Wolverhampton Wanderers
Wolverhampton Wanderers v Crystal Palace,Marshall Munetsi,2.5,2.1,Player Tackles,Bet365,Wolverhampton Wanderers
Wolverhampton Wanderers v Crystal Palace,Marshall Munetsi,3.5,3.75,Player Tackles,Bet365,Wolverhampton Wanderers
Wolverhampton Wanderers v Crystal Palace,Mateus Mane,0.5,1.28,Player Tackles,Bet365,NA
Wolverhampton Wanderers v Crystal Palace,Mateus Mane,1.5,2.25,Player Tackles,Bet365,NA
Wolverhampton Wanderers v Crystal Palace,Mateus Mane,2.5,4.5,Player Tackles,Bet365,NA
Wolverhampton Wanderers v Crystal Palace,Mateus Mane,3.5,NA,Player Tackles,Bet365,NA
Wolverhampton Wanderers v Crystal Palace,Matt Doherty,0.5,1.16,Player Tackles,Bet365,Wolverhampton Wanderers
Wolverhampton Wanderers v Crystal Palace,Matt Doherty,1.5,1.8,Player Tackles,Bet365,Wolverhampton Wanderers
Wolverhampton Wanderers v Crystal Palace,Matt Doherty,2.5,3.4,Player Tackles,Bet365,Wolverhampton Wanderers
Wolverhampton Wanderers v Crystal Palace,Matt Doherty,3.5,7,Player Tackles,Bet365,Wolverhampton Wanderers
Wolverhampton Wanderers v Crystal Palace,Maxence Lacroix,0.5,1.2,Player Tackles,Bet365,Crystal Palace
Wolverhampton Wanderers v Crystal Palace,Maxence Lacroix,1.5,1.83,Player Tackles,Bet365,Crystal Palace
Wolverhampton Wanderers v Crystal Palace,Maxence Lacroix,2.5,3.5,Player Tackles,Bet365,Crystal Palace
Wolverhampton Wanderers v Crystal Palace,Maxence Lacroix,3.5,7,Player Tackles,Bet365,Crystal Palace
Wolverhampton Wanderers v Crystal Palace,Nathaniel Clyne,0.5,1.1,Player Tackles,Bet365,Crystal Palace
Wolverhampton Wanderers v Crystal Palace,Nathaniel Clyne,1.5,1.5,Player Tackles,Bet365,Crystal Palace
Wolverhampton Wanderers v Crystal Palace,Nathaniel Clyne,2.5,2.37,Player Tackles,Bet365,Crystal Palace
Wolverhampton Wanderers v Crystal Palace,Nathaniel Clyne,3.5,4.33,Player Tackles,Bet365,Crystal Palace
Wolverhampton Wanderers v Crystal Palace,Rio Cardines,0.5,1.5,Player Tackles,Bet365,Crystal Palace
Wolverhampton Wanderers v Crystal Palace,Rio Cardines,1.5,3.4,Player Tackles,Bet365,Crystal Palace
Wolverhampton Wanderers v Crystal Palace,Rio Cardines,2.5,8,Player Tackles,Bet365,Crystal Palace
Wolverhampton Wanderers v Crystal Palace,Rio Cardines,3.5,NA,Player Tackles,Bet365,Crystal Palace
Wolverhampton Wanderers v Crystal Palace,Rodrigo Gomes,0.5,1.11,Player Tackles,Bet365,Wolverhampton Wanderers
Wolverhampton Wanderers v Crystal Palace,Rodrigo Gomes,1.5,1.53,Player Tackles,Bet365,Wolverhampton Wanderers
Wolverhampton Wanderers v Crystal Palace,Rodrigo Gomes,2.5,2.62,Player Tackles,Bet365,Wolverhampton Wanderers
Wolverhampton Wanderers v Crystal Palace,Rodrigo Gomes,3.5,4.5,Player Tackles,Bet365,Wolverhampton Wanderers
Wolverhampton Wanderers v Crystal Palace,Romain Esse,0.5,1.14,Player Tackles,Bet365,Crystal Palace
Wolverhampton Wanderers v Crystal Palace,Romain Esse,1.5,1.66,Player Tackles,Bet365,Crystal Palace
Wolverhampton Wanderers v Crystal Palace,Romain Esse,2.5,3,Player Tackles,Bet365,Crystal Palace
Wolverhampton Wanderers v Crystal Palace,Romain Esse,3.5,6,Player Tackles,Bet365,Crystal Palace
Wolverhampton Wanderers v Crystal Palace,Santiago Bueno,0.5,1.14,Player Tackles,Bet365,Wolverhampton Wanderers
Wolverhampton Wanderers v Crystal Palace,Santiago Bueno,1.5,1.61,Player Tackles,Bet365,Wolverhampton Wanderers
Wolverhampton Wanderers v Crystal Palace,Santiago Bueno,2.5,3,Player Tackles,Bet365,Wolverhampton Wanderers
Wolverhampton Wanderers v Crystal Palace,Santiago Bueno,3.5,5.5,Player Tackles,Bet365,Wolverhampton Wanderers
Wolverhampton Wanderers v Crystal Palace,Tawanda Chirewa,0.5,1.28,Player Tackles,Bet365,Wolverhampton Wanderers
Wolverhampton Wanderers v Crystal Palace,Tawanda Chirewa,1.5,2.25,Player Tackles,Bet365,Wolverhampton Wanderers
Wolverhampton Wanderers v Crystal Palace,Tawanda Chirewa,2.5,4.5,Player Tackles,Bet365,Wolverhampton Wanderers
Wolverhampton Wanderers v Crystal Palace,Tawanda Chirewa,3.5,NA,Player Tackles,Bet365,Wolverhampton Wanderers
Wolverhampton Wanderers v Crystal Palace,Toluwalase Arokodare,0.5,1.28,Player Tackles,Bet365,NA
Wolverhampton Wanderers v Crystal Palace,Toluwalase Arokodare,1.5,2.25,Player Tackles,Bet365,NA
Wolverhampton Wanderers v Crystal Palace,Toluwalase Arokodare,2.5,4.5,Player Tackles,Bet365,NA
Wolverhampton Wanderers v Crystal Palace,Toluwalase Arokodare,3.5,NA,Player Tackles,Bet365,NA
Wolverhampton Wanderers v Crystal Palace,Toti,0.5,1.14,Player Tackles,Bet365,Wolverhampton Wanderers
Wolverhampton Wanderers v Crystal Palace,Toti,1.5,1.72,Player Tackles,Bet365,Wolverhampton Wanderers
Wolverhampton Wanderers v Crystal Palace,Toti,2.5,3.25,Player Tackles,Bet365,Wolverhampton Wanderers
Wolverhampton Wanderers v Crystal Palace,Toti,3.5,6.5,Player Tackles,Bet365,Wolverhampton Wanderers
Wolverhampton Wanderers v Crystal Palace,Tyrick Mitchell,0.5,NA,Player Tackles,Bet365,Crystal Palace
Wolverhampton Wanderers v Crystal Palace,Tyrick Mitchell,1.5,1.14,Player Tackles,Bet365,Crystal Palace
Wolverhampton Wanderers v Crystal Palace,Tyrick Mitchell,2.5,1.44,Player Tackles,Bet365,Crystal Palace
Wolverhampton Wanderers v Crystal Palace,Tyrick Mitchell,3.5,2.1,Player Tackles,Bet365,Crystal Palace
Wolverhampton Wanderers v Crystal Palace,Will Hughes,0.5,1.083,Player Tackles,Bet365,Crystal Palace
Wolverhampton Wanderers v Crystal Palace,Will Hughes,1.5,1.44,Player Tackles,Bet365,Crystal Palace
Wolverhampton Wanderers v Crystal Palace,Will Hughes,2.5,2.25,Player Tackles,Bet365,Crystal Palace
Wolverhampton Wanderers v Crystal Palace,Will Hughes,3.5,4.33,Player Tackles,Bet365,Crystal Palace
Wolverhampton Wanderers v Crystal Palace,Yeremy Pino,0.5,1.1,Player Tackles,Bet365,NA
Wolverhampton Wanderers v Crystal Palace,Yeremy Pino,1.5,1.5,Player Tackles,Bet365,NA
Wolverhampton Wanderers v Crystal Palace,Yeremy Pino,2.5,2.37,Player Tackles,Bet365,NA
Wolverhampton Wanderers v Crystal Palace,Yeremy Pino,3.5,4.33,Player Tackles,Bet365,NA
Wolverhampton Wanderers v Crystal Palace,Yerson Mosquera,0.5,1.12,Player Tackles,Bet365,Wolverhampton Wanderers
Wolverhampton Wanderers v Crystal Palace,Yerson Mosquera,1.5,1.57,Player Tackles,Bet365,Wolverhampton Wanderers
Wolverhampton Wanderers v Crystal Palace,Yerson Mosquera,2.5,2.75,Player Tackles,Bet365,Wolverhampton Wanderers
Wolverhampton Wanderers v Crystal Palace,Yerson Mosquera,3.5,5,Player Tackles,Bet365,Wolverhampton Wanderers
Newcastle United v Manchester City,Abduqodir Khusanov,0.5,1.16,Player Tackles,Bet365,NA
Newcastle United v Manchester City,Abduqodir Khusanov,1.5,1.8,Player Tackles,Bet365,NA
Newcastle United v Manchester City,Abduqodir Khusanov,2.5,3.4,Player Tackles,Bet365,NA
Newcastle United v Manchester City,Abduqodir Khusanov,3.5,6.5,Player Tackles,Bet365,NA
Newcastle United v Manchester City,Alex Murphy,0.5,1.3,Player Tackles,Bet365,Newcastle United
Newcastle United v Manchester City,Alex Murphy,1.5,2.37,Player Tackles,Bet365,Newcastle United
Newcastle United v Manchester City,Alex Murphy,2.5,5,Player Tackles,Bet365,Newcastle United
Newcastle United v Manchester City,Alex Murphy,3.5,NA,Player Tackles,Bet365,Newcastle United
Newcastle United v Manchester City,Anthony Elanga,0.5,1.66,Player Tackles,Bet365,Newcastle United
Newcastle United v Manchester City,Anthony Elanga,1.5,4,Player Tackles,Bet365,Newcastle United
Newcastle United v Manchester City,Anthony Elanga,2.5,NA,Player Tackles,Bet365,Newcastle United
Newcastle United v Manchester City,Anthony Elanga,3.5,NA,Player Tackles,Bet365,Newcastle United
Newcastle United v Manchester City,Anthony Gordon,0.5,1.3,Player Tackles,Bet365,Newcastle United
Newcastle United v Manchester City,Anthony Gordon,1.5,2.37,Player Tackles,Bet365,Newcastle United
Newcastle United v Manchester City,Anthony Gordon,2.5,5,Player Tackles,Bet365,Newcastle United
Newcastle United v Manchester City,Anthony Gordon,3.5,NA,Player Tackles,Bet365,Newcastle United
Newcastle United v Manchester City,Bernardo Silva,0.5,1.14,Player Tackles,Bet365,Manchester City
Newcastle United v Manchester City,Bernardo Silva,1.5,1.66,Player Tackles,Bet365,Manchester City
Newcastle United v Manchester City,Bernardo Silva,2.5,3,Player Tackles,Bet365,Manchester City
Newcastle United v Manchester City,Bernardo Silva,3.5,5.5,Player Tackles,Bet365,Manchester City
Newcastle United v Manchester City,Bruno Guimar<c3><a3>es,0.5,1.062,Player Tackles,Bet365,NA
Newcastle United v Manchester City,Bruno Guimar<c3><a3>es,1.5,1.33,Player Tackles,Bet365,NA
Newcastle United v Manchester City,Bruno Guimar<c3><a3>es,2.5,2,Player Tackles,Bet365,NA
Newcastle United v Manchester City,Bruno Guimar<c3><a3>es,3.5,3.5,Player Tackles,Bet365,NA
Newcastle United v Manchester City,Divine Mukasa,0.5,1.14,Player Tackles,Bet365,NA
Newcastle United v Manchester City,Divine Mukasa,1.5,1.72,Player Tackles,Bet365,NA
Newcastle United v Manchester City,Divine Mukasa,2.5,3.25,Player Tackles,Bet365,NA
Newcastle United v Manchester City,Divine Mukasa,3.5,6,Player Tackles,Bet365,NA
Newcastle United v Manchester City,Emil Krafth,0.5,1.14,Player Tackles,Bet365,Newcastle United
Newcastle United v Manchester City,Emil Krafth,1.5,1.72,Player Tackles,Bet365,Newcastle United
Newcastle United v Manchester City,Emil Krafth,2.5,3.25,Player Tackles,Bet365,Newcastle United
Newcastle United v Manchester City,Emil Krafth,3.5,6.5,Player Tackles,Bet365,Newcastle United
Newcastle United v Manchester City,Erling Haaland,0.5,2.62,Player Tackles,Bet365,Manchester City
Newcastle United v Manchester City,Erling Haaland,1.5,8,Player Tackles,Bet365,Manchester City
Newcastle United v Manchester City,Erling Haaland,2.5,NA,Player Tackles,Bet365,Manchester City
Newcastle United v Manchester City,Erling Haaland,3.5,NA,Player Tackles,Bet365,Manchester City
Newcastle United v Manchester City,Fabian Sch<c3><a4>r,0.5,1.44,Player Tackles,Bet365,NA
Newcastle United v Manchester City,Fabian Sch<c3><a4>r,1.5,3,Player Tackles,Bet365,NA
Newcastle United v Manchester City,Fabian Sch<c3><a4>r,2.5,7,Player Tackles,Bet365,NA
Newcastle United v Manchester City,Fabian Sch<c3><a4>r,3.5,NA,Player Tackles,Bet365,NA
Newcastle United v Manchester City,Harvey Barnes,0.5,1.5,Player Tackles,Bet365,Newcastle United
Newcastle United v Manchester City,Harvey Barnes,1.5,3.4,Player Tackles,Bet365,Newcastle United
Newcastle United v Manchester City,Harvey Barnes,2.5,8,Player Tackles,Bet365,Newcastle United
Newcastle United v Manchester City,Harvey Barnes,3.5,NA,Player Tackles,Bet365,Newcastle United
Newcastle United v Manchester City,Jacob Murphy,0.5,1.22,Player Tackles,Bet365,Newcastle United
Newcastle United v Manchester City,Jacob Murphy,1.5,1.9,Player Tackles,Bet365,Newcastle United
Newcastle United v Manchester City,Jacob Murphy,2.5,4,Player Tackles,Bet365,Newcastle United
Newcastle United v Manchester City,Jacob Murphy,3.5,8,Player Tackles,Bet365,Newcastle United
Newcastle United v Manchester City,Jacob Ramsey,0.5,1.2,Player Tackles,Bet365,Aston Villa
Newcastle United v Manchester City,Jacob Ramsey,1.5,1.83,Player Tackles,Bet365,Aston Villa
Newcastle United v Manchester City,Jacob Ramsey,2.5,3.75,Player Tackles,Bet365,Aston Villa
Newcastle United v Manchester City,Jacob Ramsey,3.5,7.5,Player Tackles,Bet365,Aston Villa
Newcastle United v Manchester City,Jamaal Lascelles,0.5,1.5,Player Tackles,Bet365,Newcastle United
Newcastle United v Manchester City,Jamaal Lascelles,1.5,3.4,Player Tackles,Bet365,Newcastle United
Newcastle United v Manchester City,Jamaal Lascelles,2.5,8,Player Tackles,Bet365,Newcastle United
Newcastle United v Manchester City,Jamaal Lascelles,3.5,NA,Player Tackles,Bet365,Newcastle United
Newcastle United v Manchester City,J<c3><a9>r<c3><a9>my Doku,0.5,1.25,Player Tackles,Bet365,NA
Newcastle United v Manchester City,J<c3><a9>r<c3><a9>my Doku,1.5,2.1,Player Tackles,Bet365,NA
Newcastle United v Manchester City,J<c3><a9>r<c3><a9>my Doku,2.5,4.33,Player Tackles,Bet365,NA
Newcastle United v Manchester City,J<c3><a9>r<c3><a9>my Doku,3.5,8.5,Player Tackles,Bet365,NA
Newcastle United v Manchester City,Joe Willock,0.5,1.083,Player Tackles,Bet365,Newcastle United
Newcastle United v Manchester City,Joe Willock,1.5,1.44,Player Tackles,Bet365,Newcastle United
Newcastle United v Manchester City,Joe Willock,2.5,2.25,Player Tackles,Bet365,Newcastle United
Newcastle United v Manchester City,Joe Willock,3.5,4.33,Player Tackles,Bet365,Newcastle United
Newcastle United v Manchester City,Joelinton,0.5,1.083,Player Tackles,Bet365,Newcastle United
Newcastle United v Manchester City,Joelinton,1.5,1.4,Player Tackles,Bet365,Newcastle United
Newcastle United v Manchester City,Joelinton,2.5,2.2,Player Tackles,Bet365,Newcastle United
Newcastle United v Manchester City,Joelinton,3.5,4,Player Tackles,Bet365,Newcastle United
Newcastle United v Manchester City,John Stones,0.5,1.4,Player Tackles,Bet365,Manchester City
Newcastle United v Manchester City,John Stones,1.5,2.75,Player Tackles,Bet365,Manchester City
Newcastle United v Manchester City,John Stones,2.5,6.5,Player Tackles,Bet365,Manchester City
Newcastle United v Manchester City,John Stones,3.5,NA,Player Tackles,Bet365,Manchester City
Newcastle United v Manchester City,Josko Gvardiol,0.5,1.16,Player Tackles,Bet365,Manchester City
Newcastle United v Manchester City,Josko Gvardiol,1.5,1.8,Player Tackles,Bet365,Manchester City
Newcastle United v Manchester City,Josko Gvardiol,2.5,3.4,Player Tackles,Bet365,Manchester City
Newcastle United v Manchester City,Josko Gvardiol,3.5,6.5,Player Tackles,Bet365,Manchester City
Newcastle United v Manchester City,Kalvin Phillips,0.5,1.1,Player Tackles,Bet365,Manchester City
Newcastle United v Manchester City,Kalvin Phillips,1.5,1.44,Player Tackles,Bet365,Manchester City
Newcastle United v Manchester City,Kalvin Phillips,2.5,2.37,Player Tackles,Bet365,Manchester City
Newcastle United v Manchester City,Kalvin Phillips,3.5,4.33,Player Tackles,Bet365,Manchester City
Newcastle United v Manchester City,Kieran Trippier,0.5,1.062,Player Tackles,Bet365,Newcastle United
Newcastle United v Manchester City,Kieran Trippier,1.5,1.33,Player Tackles,Bet365,Newcastle United
Newcastle United v Manchester City,Kieran Trippier,2.5,2,Player Tackles,Bet365,Newcastle United
Newcastle United v Manchester City,Kieran Trippier,3.5,3.5,Player Tackles,Bet365,Newcastle United
Newcastle United v Manchester City,Lewis Hall,0.5,1.062,Player Tackles,Bet365,Newcastle United
Newcastle United v Manchester City,Lewis Hall,1.5,1.33,Player Tackles,Bet365,Newcastle United
Newcastle United v Manchester City,Lewis Hall,2.5,2,Player Tackles,Bet365,Newcastle United
Newcastle United v Manchester City,Lewis Hall,3.5,3.5,Player Tackles,Bet365,Newcastle United
Newcastle United v Manchester City,Lewis Miley,0.5,1.062,Player Tackles,Bet365,Newcastle United
Newcastle United v Manchester City,Lewis Miley,1.5,1.33,Player Tackles,Bet365,Newcastle United
Newcastle United v Manchester City,Lewis Miley,2.5,2,Player Tackles,Bet365,Newcastle United
Newcastle United v Manchester City,Lewis Miley,3.5,3.5,Player Tackles,Bet365,Newcastle United
Newcastle United v Manchester City,Malick Thiaw,0.5,1.12,Player Tackles,Bet365,Newcastle United
Newcastle United v Manchester City,Malick Thiaw,1.5,1.57,Player Tackles,Bet365,Newcastle United
Newcastle United v Manchester City,Malick Thiaw,2.5,2.75,Player Tackles,Bet365,Newcastle United
Newcastle United v Manchester City,Malick Thiaw,3.5,5,Player Tackles,Bet365,Newcastle United
Newcastle United v Manchester City,Mateo Kovacic,0.5,NA,Player Tackles,Bet365,Manchester City
Newcastle United v Manchester City,Mateo Kovacic,1.5,1.22,Player Tackles,Bet365,Manchester City
Newcastle United v Manchester City,Mateo Kovacic,2.5,1.66,Player Tackles,Bet365,Manchester City
Newcastle United v Manchester City,Mateo Kovacic,3.5,2.62,Player Tackles,Bet365,Manchester City
Newcastle United v Manchester City,Matheus Nunes,0.5,1.083,Player Tackles,Bet365,Manchester City
Newcastle United v Manchester City,Matheus Nunes,1.5,1.44,Player Tackles,Bet365,Manchester City
Newcastle United v Manchester City,Matheus Nunes,2.5,2.25,Player Tackles,Bet365,Manchester City
Newcastle United v Manchester City,Matheus Nunes,3.5,4.33,Player Tackles,Bet365,Manchester City
Newcastle United v Manchester City,Nathan Ak<c3><a9>,0.5,1.2,Player Tackles,Bet365,NA
Newcastle United v Manchester City,Nathan Ak<c3><a9>,1.5,1.9,Player Tackles,Bet365,NA
Newcastle United v Manchester City,Nathan Ak<c3><a9>,2.5,3.75,Player Tackles,Bet365,NA
Newcastle United v Manchester City,Nathan Ak<c3><a9>,3.5,7.5,Player Tackles,Bet365,NA
Newcastle United v Manchester City,Nick Woltemade,0.5,1.66,Player Tackles,Bet365,NA
Newcastle United v Manchester City,Nick Woltemade,1.5,4,Player Tackles,Bet365,NA
Newcastle United v Manchester City,Nick Woltemade,2.5,NA,Player Tackles,Bet365,NA
Newcastle United v Manchester City,Nick Woltemade,3.5,NA,Player Tackles,Bet365,NA
Newcastle United v Manchester City,Nico Gonzalez,0.5,1.062,Player Tackles,Bet365,NA
Newcastle United v Manchester City,Nico Gonzalez,1.5,1.33,Player Tackles,Bet365,NA
Newcastle United v Manchester City,Nico Gonzalez,2.5,2,Player Tackles,Bet365,NA
Newcastle United v Manchester City,Nico Gonzalez,3.5,3.5,Player Tackles,Bet365,NA
Newcastle United v Manchester City,Nico O'Reilly,0.5,NA,Player Tackles,Bet365,Manchester City
Newcastle United v Manchester City,Nico O'Reilly,1.5,1.22,Player Tackles,Bet365,Manchester City
Newcastle United v Manchester City,Nico O'Reilly,2.5,1.66,Player Tackles,Bet365,Manchester City
Newcastle United v Manchester City,Nico O'Reilly,3.5,2.62,Player Tackles,Bet365,Manchester City
Newcastle United v Manchester City,Omar Marmoush,0.5,1.16,Player Tackles,Bet365,Manchester City
Newcastle United v Manchester City,Omar Marmoush,1.5,1.8,Player Tackles,Bet365,Manchester City
Newcastle United v Manchester City,Omar Marmoush,2.5,3.4,Player Tackles,Bet365,Manchester City
Newcastle United v Manchester City,Omar Marmoush,3.5,6.5,Player Tackles,Bet365,Manchester City
Newcastle United v Manchester City,Oscar Bobb,0.5,1.16,Player Tackles,Bet365,Manchester City
Newcastle United v Manchester City,Oscar Bobb,1.5,1.8,Player Tackles,Bet365,Manchester City
Newcastle United v Manchester City,Oscar Bobb,2.5,3.4,Player Tackles,Bet365,Manchester City
Newcastle United v Manchester City,Oscar Bobb,3.5,6.5,Player Tackles,Bet365,Manchester City
Newcastle United v Manchester City,Phil Foden,0.5,1.4,Player Tackles,Bet365,Manchester City
Newcastle United v Manchester City,Phil Foden,1.5,2.75,Player Tackles,Bet365,Manchester City
Newcastle United v Manchester City,Phil Foden,2.5,6.5,Player Tackles,Bet365,Manchester City
Newcastle United v Manchester City,Phil Foden,3.5,NA,Player Tackles,Bet365,Manchester City
Newcastle United v Manchester City,Rayan Ait Nouri,0.5,1.14,Player Tackles,Bet365,NA
Newcastle United v Manchester City,Rayan Ait Nouri,1.5,1.66,Player Tackles,Bet365,NA
Newcastle United v Manchester City,Rayan Ait Nouri,2.5,3,Player Tackles,Bet365,NA
Newcastle United v Manchester City,Rayan Ait Nouri,3.5,5.5,Player Tackles,Bet365,NA
Newcastle United v Manchester City,Rayan Cherki,0.5,1.3,Player Tackles,Bet365,Manchester City
Newcastle United v Manchester City,Rayan Cherki,1.5,2.37,Player Tackles,Bet365,Manchester City
Newcastle United v Manchester City,Rayan Cherki,2.5,5,Player Tackles,Bet365,Manchester City
Newcastle United v Manchester City,Rayan Cherki,3.5,NA,Player Tackles,Bet365,Manchester City
Newcastle United v Manchester City,Rico Lewis,0.5,1.3,Player Tackles,Bet365,Manchester City
Newcastle United v Manchester City,Rico Lewis,1.5,2.37,Player Tackles,Bet365,Manchester City
Newcastle United v Manchester City,Rico Lewis,2.5,5,Player Tackles,Bet365,Manchester City
Newcastle United v Manchester City,Rico Lewis,3.5,NA,Player Tackles,Bet365,Manchester City
Newcastle United v Manchester City,Rodri,0.5,1.062,Player Tackles,Bet365,Manchester City
Newcastle United v Manchester City,Rodri,1.5,1.3,Player Tackles,Bet365,Manchester City
Newcastle United v Manchester City,Rodri,2.5,1.9,Player Tackles,Bet365,Manchester City
Newcastle United v Manchester City,Rodri,3.5,3.4,Player Tackles,Bet365,Manchester City
Newcastle United v Manchester City,R<c3><ba>ben Dias,0.5,1.5,Player Tackles,Bet365,NA
Newcastle United v Manchester City,R<c3><ba>ben Dias,1.5,3.25,Player Tackles,Bet365,NA
Newcastle United v Manchester City,R<c3><ba>ben Dias,2.5,7.5,Player Tackles,Bet365,NA
Newcastle United v Manchester City,R<c3><ba>ben Dias,3.5,NA,Player Tackles,Bet365,NA
Newcastle United v Manchester City,Sandro Tonali,0.5,1.14,Player Tackles,Bet365,Newcastle United
Newcastle United v Manchester City,Sandro Tonali,1.5,1.72,Player Tackles,Bet365,Newcastle United
Newcastle United v Manchester City,Sandro Tonali,2.5,3.25,Player Tackles,Bet365,Newcastle United
Newcastle United v Manchester City,Sandro Tonali,3.5,6.5,Player Tackles,Bet365,Newcastle United
Newcastle United v Manchester City,Savinho,0.5,1.25,Player Tackles,Bet365,Manchester City
Newcastle United v Manchester City,Savinho,1.5,2.1,Player Tackles,Bet365,Manchester City
Newcastle United v Manchester City,Savinho,2.5,4.33,Player Tackles,Bet365,Manchester City
Newcastle United v Manchester City,Savinho,3.5,8.5,Player Tackles,Bet365,Manchester City
Newcastle United v Manchester City,Seung-Soo Park,0.5,1.5,Player Tackles,Bet365,NA
Newcastle United v Manchester City,Seung-Soo Park,1.5,3.4,Player Tackles,Bet365,NA
Newcastle United v Manchester City,Seung-Soo Park,2.5,8,Player Tackles,Bet365,NA
Newcastle United v Manchester City,Seung-Soo Park,3.5,NA,Player Tackles,Bet365,NA
Newcastle United v Manchester City,Sven Botman,0.5,1.33,Player Tackles,Bet365,Newcastle United
Newcastle United v Manchester City,Sven Botman,1.5,2.5,Player Tackles,Bet365,Newcastle United
Newcastle United v Manchester City,Sven Botman,2.5,5.5,Player Tackles,Bet365,Newcastle United
Newcastle United v Manchester City,Sven Botman,3.5,NA,Player Tackles,Bet365,Newcastle United
Newcastle United v Manchester City,Tijjani Reijnders,0.5,1.4,Player Tackles,Bet365,Manchester City
Newcastle United v Manchester City,Tijjani Reijnders,1.5,2.75,Player Tackles,Bet365,Manchester City
Newcastle United v Manchester City,Tijjani Reijnders,2.5,6.5,Player Tackles,Bet365,Manchester City
Newcastle United v Manchester City,Tijjani Reijnders,3.5,NA,Player Tackles,Bet365,Manchester City
Newcastle United v Manchester City,Valentino Livramento,0.5,1.2,Player Tackles,Bet365,NA
Newcastle United v Manchester City,Valentino Livramento,1.5,1.83,Player Tackles,Bet365,NA
Newcastle United v Manchester City,Valentino Livramento,2.5,3.75,Player Tackles,Bet365,NA
Newcastle United v Manchester City,Valentino Livramento,3.5,7.5,Player Tackles,Bet365,NA
Newcastle United v Manchester City,William Osula,0.5,1.5,Player Tackles,Bet365,Newcastle United
Newcastle United v Manchester City,William Osula,1.5,3.4,Player Tackles,Bet365,Newcastle United
Newcastle United v Manchester City,William Osula,2.5,8,Player Tackles,Bet365,Newcastle United
Newcastle United v Manchester City,William Osula,3.5,NA,Player Tackles,Bet365,Newcastle United
