match,home_team,away_team,market_name,player_name,player_team,line,over_price,agency,opposition_team,EventKey,MarketKey,OutcomeKey
Everton v Brighton & Hove Albion,Everton,Brighton & Hove Albion,Player Shots,Idrissa Gueye,Everton,0.5,1.53,Pointsbet,Brighton & Hove Albion,2384921,94227195,1
Everton v Brighton & Hove Albion,Everton,Brighton & Hove Albion,Player Shots,Idrissa Gueye,Everton,1.5,3.6,Pointsbet,Brighton & Hove Albion,2384921,94227195,2
Everton v Brighton & Hove Albion,Everton,Brighton & Hove Albion,Player Shots,Idrissa Gueye,Everton,2.5,10,Pointsbet,Brighton & Hove Albion,2384921,94227195,3
Everton v Brighton & Hove Albion,Everton,Brighton & Hove Albion,Player Shots,Idrissa Gueye,Everton,3.5,36,Pointsbet,Brighton & Hove Albion,2384921,94227195,4
Everton v Brighton & Hove Albion,Everton,Brighton & Hove Albion,Player Shots,James Tarkowski,Everton,0.5,1.83,Pointsbet,Brighton & Hove Albion,2384921,94227195,7
Everton v Brighton & Hove Albion,Everton,Brighton & Hove Albion,Player Shots,James Tarkowski,Everton,1.5,5,Pointsbet,Brighton & Hove Albion,2384921,94227195,8
Everton v Brighton & Hove Albion,Everton,Brighton & Hove Albion,Player Shots,James Tarkowski,Everton,2.5,17,Pointsbet,Brighton & Hove Albion,2384921,94227195,9
Everton v Brighton & Hove Albion,Everton,Brighton & Hove Albion,Player Shots,James Tarkowski,Everton,3.5,71,Pointsbet,Brighton & Hove Albion,2384921,94227195,10
Everton v Brighton & Hove Albion,Everton,Brighton & Hove Albion,Player Shots,Michael Keane,Everton,0.5,1.48,Pointsbet,Brighton & Hove Albion,2384921,94227195,13
Everton v Brighton & Hove Albion,Everton,Brighton & Hove Albion,Player Shots,Michael Keane,Everton,1.5,3.25,Pointsbet,Brighton & Hove Albion,2384921,94227195,14
Everton v Brighton & Hove Albion,Everton,Brighton & Hove Albion,Player Shots,Michael Keane,Everton,2.5,9,Pointsbet,Brighton & Hove Albion,2384921,94227195,15
Everton v Brighton & Hove Albion,Everton,Brighton & Hove Albion,Player Shots,Michael Keane,Everton,3.5,29,Pointsbet,Brighton & Hove Albion,2384921,94227195,16
Everton v Brighton & Hove Albion,Everton,Brighton & Hove Albion,Player Shots,Michael Keane,Everton,4.5,91,Pointsbet,Brighton & Hove Albion,2384921,94227195,17
Everton v Brighton & Hove Albion,Everton,Brighton & Hove Albion,Player Shots,Kiernan Dewsbury-Hall,Everton,0.5,1.18,Pointsbet,Brighton & Hove Albion,2384921,94227195,19
Everton v Brighton & Hove Albion,Everton,Brighton & Hove Albion,Player Shots,Kiernan Dewsbury-Hall,Everton,1.5,1.87,Pointsbet,Brighton & Hove Albion,2384921,94227195,20
Everton v Brighton & Hove Albion,Everton,Brighton & Hove Albion,Player Shots,Kiernan Dewsbury-Hall,Everton,2.5,3.7,Pointsbet,Brighton & Hove Albion,2384921,94227195,21
Everton v Brighton & Hove Albion,Everton,Brighton & Hove Albion,Player Shots,Kiernan Dewsbury-Hall,Everton,3.5,8.5,Pointsbet,Brighton & Hove Albion,2384921,94227195,22
Everton v Brighton & Hove Albion,Everton,Brighton & Hove Albion,Player Shots,Kiernan Dewsbury-Hall,Everton,4.5,21,Pointsbet,Brighton & Hove Albion,2384921,94227195,23
Everton v Brighton & Hove Albion,Everton,Brighton & Hove Albion,Player Shots,Kiernan Dewsbury-Hall,Everton,5.5,71,Pointsbet,Brighton & Hove Albion,2384921,94227195,24
Everton v Brighton & Hove Albion,Everton,Brighton & Hove Albion,Player Shots,James Garner,Everton,0.5,1.5,Pointsbet,Brighton & Hove Albion,2384921,94227195,25
Everton v Brighton & Hove Albion,Everton,Brighton & Hove Albion,Player Shots,James Garner,Everton,1.5,3.4,Pointsbet,Brighton & Hove Albion,2384921,94227195,26
Everton v Brighton & Hove Albion,Everton,Brighton & Hove Albion,Player Shots,James Garner,Everton,2.5,10,Pointsbet,Brighton & Hove Albion,2384921,94227195,27
Everton v Brighton & Hove Albion,Everton,Brighton & Hove Albion,Player Shots,James Garner,Everton,3.5,36,Pointsbet,Brighton & Hove Albion,2384921,94227195,28
Everton v Brighton & Hove Albion,Everton,Brighton & Hove Albion,Player Shots,Joe O'Brien,NA,0.5,2,Pointsbet,NA,2384921,94227195,49
Everton v Brighton & Hove Albion,Everton,Brighton & Hove Albion,Player Shots,Joe O'Brien,NA,1.5,6,Pointsbet,NA,2384921,94227195,50
Everton v Brighton & Hove Albion,Everton,Brighton & Hove Albion,Player Shots,Joe O'Brien,NA,2.5,23,Pointsbet,NA,2384921,94227195,51
Everton v Brighton & Hove Albion,Everton,Brighton & Hove Albion,Player Shots,Tim Iroegbunam,Everton,0.5,1.36,Pointsbet,Brighton & Hove Albion,2384921,94227195,67
Everton v Brighton & Hove Albion,Everton,Brighton & Hove Albion,Player Shots,Tim Iroegbunam,Everton,1.5,2.6,Pointsbet,Brighton & Hove Albion,2384921,94227195,68
Everton v Brighton & Hove Albion,Everton,Brighton & Hove Albion,Player Shots,Tim Iroegbunam,Everton,2.5,6.5,Pointsbet,Brighton & Hove Albion,2384921,94227195,69
Everton v Brighton & Hove Albion,Everton,Brighton & Hove Albion,Player Shots,Tim Iroegbunam,Everton,3.5,20,Pointsbet,Brighton & Hove Albion,2384921,94227195,70
Everton v Brighton & Hove Albion,Everton,Brighton & Hove Albion,Player Shots,Tim Iroegbunam,Everton,4.5,61,Pointsbet,Brighton & Hove Albion,2384921,94227195,71
Everton v Brighton & Hove Albion,Everton,Brighton & Hove Albion,Player Shots,T. Barry,NA,0.5,1.06,Pointsbet,NA,2384921,94227195,73
Everton v Brighton & Hove Albion,Everton,Brighton & Hove Albion,Player Shots,T. Barry,NA,1.5,1.29,Pointsbet,NA,2384921,94227195,74
Everton v Brighton & Hove Albion,Everton,Brighton & Hove Albion,Player Shots,T. Barry,NA,2.5,1.9,Pointsbet,NA,2384921,94227195,75
Everton v Brighton & Hove Albion,Everton,Brighton & Hove Albion,Player Shots,T. Barry,NA,3.5,3.4,Pointsbet,NA,2384921,94227195,76
Everton v Brighton & Hove Albion,Everton,Brighton & Hove Albion,Player Shots,T. Barry,NA,4.5,6,Pointsbet,NA,2384921,94227195,77
Everton v Brighton & Hove Albion,Everton,Brighton & Hove Albion,Player Shots,T. Barry,NA,5.5,13,Pointsbet,NA,2384921,94227195,78
Everton v Brighton & Hove Albion,Everton,Brighton & Hove Albion,Player Shots,Jack Grealish,Everton,0.5,1.15,Pointsbet,Brighton & Hove Albion,2384921,94227195,79
Everton v Brighton & Hove Albion,Everton,Brighton & Hove Albion,Player Shots,Jack Grealish,Everton,1.5,1.74,Pointsbet,Brighton & Hove Albion,2384921,94227195,80
Everton v Brighton & Hove Albion,Everton,Brighton & Hove Albion,Player Shots,Jack Grealish,Everton,2.5,3.1,Pointsbet,Brighton & Hove Albion,2384921,94227195,81
Everton v Brighton & Hove Albion,Everton,Brighton & Hove Albion,Player Shots,Jack Grealish,Everton,3.5,7,Pointsbet,Brighton & Hove Albion,2384921,94227195,82
Everton v Brighton & Hove Albion,Everton,Brighton & Hove Albion,Player Shots,Jack Grealish,Everton,4.5,19,Pointsbet,Brighton & Hove Albion,2384921,94227195,83
Everton v Brighton & Hove Albion,Everton,Brighton & Hove Albion,Player Shots,Jack Grealish,Everton,5.5,51,Pointsbet,Brighton & Hove Albion,2384921,94227195,84
Everton v Brighton & Hove Albion,Everton,Brighton & Hove Albion,Player Shots,Danny Welbeck,Brighton & Hove Albion,0.5,1.03,Pointsbet,Everton,2384921,94227195,91
Everton v Brighton & Hove Albion,Everton,Brighton & Hove Albion,Player Shots,Danny Welbeck,Brighton & Hove Albion,1.5,1.22,Pointsbet,Everton,2384921,94227195,92
Everton v Brighton & Hove Albion,Everton,Brighton & Hove Albion,Player Shots,Danny Welbeck,Brighton & Hove Albion,2.5,1.69,Pointsbet,Everton,2384921,94227195,93
Everton v Brighton & Hove Albion,Everton,Brighton & Hove Albion,Player Shots,Danny Welbeck,Brighton & Hove Albion,3.5,2.7,Pointsbet,Everton,2384921,94227195,94
Everton v Brighton & Hove Albion,Everton,Brighton & Hove Albion,Player Shots,Danny Welbeck,Brighton & Hove Albion,4.5,4.75,Pointsbet,Everton,2384921,94227195,95
Everton v Brighton & Hove Albion,Everton,Brighton & Hove Albion,Player Shots,Danny Welbeck,Brighton & Hove Albion,5.5,10,Pointsbet,Everton,2384921,94227195,96
Everton v Brighton & Hove Albion,Everton,Brighton & Hove Albion,Player Shots,Matt O'Riley,Brighton & Hove Albion,0.5,1.11,Pointsbet,Everton,2384921,94227195,127
Everton v Brighton & Hove Albion,Everton,Brighton & Hove Albion,Player Shots,Matt O'Riley,Brighton & Hove Albion,1.5,1.65,Pointsbet,Everton,2384921,94227195,128
Everton v Brighton & Hove Albion,Everton,Brighton & Hove Albion,Player Shots,Matt O'Riley,Brighton & Hove Albion,2.5,2.85,Pointsbet,Everton,2384921,94227195,129
Everton v Brighton & Hove Albion,Everton,Brighton & Hove Albion,Player Shots,Matt O'Riley,Brighton & Hove Albion,3.5,5.75,Pointsbet,Everton,2384921,94227195,130
Everton v Brighton & Hove Albion,Everton,Brighton & Hove Albion,Player Shots,Matt O'Riley,Brighton & Hove Albion,4.5,12,Pointsbet,Everton,2384921,94227195,131
Everton v Brighton & Hove Albion,Everton,Brighton & Hove Albion,Player Shots,Matt O'Riley,Brighton & Hove Albion,5.5,31,Pointsbet,Everton,2384921,94227195,132
Everton v Brighton & Hove Albion,Everton,Brighton & Hove Albion,Player Shots,Kaoru Mitoma,Brighton & Hove Albion,0.5,1.11,Pointsbet,Everton,2384921,94227195,133
Everton v Brighton & Hove Albion,Everton,Brighton & Hove Albion,Player Shots,Kaoru Mitoma,Brighton & Hove Albion,1.5,1.63,Pointsbet,Everton,2384921,94227195,134
Everton v Brighton & Hove Albion,Everton,Brighton & Hove Albion,Player Shots,Kaoru Mitoma,Brighton & Hove Albion,2.5,2.85,Pointsbet,Everton,2384921,94227195,135
Everton v Brighton & Hove Albion,Everton,Brighton & Hove Albion,Player Shots,Kaoru Mitoma,Brighton & Hove Albion,3.5,5.75,Pointsbet,Everton,2384921,94227195,136
Everton v Brighton & Hove Albion,Everton,Brighton & Hove Albion,Player Shots,Kaoru Mitoma,Brighton & Hove Albion,4.5,13,Pointsbet,Everton,2384921,94227195,137
Everton v Brighton & Hove Albion,Everton,Brighton & Hove Albion,Player Shots,Kaoru Mitoma,Brighton & Hove Albion,5.5,31,Pointsbet,Everton,2384921,94227195,138
Everton v Brighton & Hove Albion,Everton,Brighton & Hove Albion,Player Shots,M. De Cuyper,NA,0.5,1.5,Pointsbet,NA,2384921,94227195,139
Everton v Brighton & Hove Albion,Everton,Brighton & Hove Albion,Player Shots,M. De Cuyper,NA,1.5,3.3,Pointsbet,NA,2384921,94227195,140
Everton v Brighton & Hove Albion,Everton,Brighton & Hove Albion,Player Shots,M. De Cuyper,NA,2.5,9.5,Pointsbet,NA,2384921,94227195,141
Everton v Brighton & Hove Albion,Everton,Brighton & Hove Albion,Player Shots,M. De Cuyper,NA,3.5,26,Pointsbet,NA,2384921,94227195,142
Everton v Brighton & Hove Albion,Everton,Brighton & Hove Albion,Player Shots,Mats Wieffer,Brighton & Hove Albion,0.5,1.59,Pointsbet,Everton,2384921,94227195,151
Everton v Brighton & Hove Albion,Everton,Brighton & Hove Albion,Player Shots,Mats Wieffer,Brighton & Hove Albion,1.5,3.7,Pointsbet,Everton,2384921,94227195,152
Everton v Brighton & Hove Albion,Everton,Brighton & Hove Albion,Player Shots,Mats Wieffer,Brighton & Hove Albion,2.5,11,Pointsbet,Everton,2384921,94227195,153
Everton v Brighton & Hove Albion,Everton,Brighton & Hove Albion,Player Shots,Mats Wieffer,Brighton & Hove Albion,3.5,36,Pointsbet,Everton,2384921,94227195,154
Everton v Brighton & Hove Albion,Everton,Brighton & Hove Albion,Player Shots,Jan Paul van Hecke,Brighton & Hove Albion,0.5,1.77,Pointsbet,Everton,2384921,94227195,157
Everton v Brighton & Hove Albion,Everton,Brighton & Hove Albion,Player Shots,Jan Paul van Hecke,Brighton & Hove Albion,1.5,4.75,Pointsbet,Everton,2384921,94227195,158
Everton v Brighton & Hove Albion,Everton,Brighton & Hove Albion,Player Shots,Jan Paul van Hecke,Brighton & Hove Albion,2.5,16,Pointsbet,Everton,2384921,94227195,159
Everton v Brighton & Hove Albion,Everton,Brighton & Hove Albion,Player Shots,Jan Paul van Hecke,Brighton & Hove Albion,3.5,81,Pointsbet,Everton,2384921,94227195,160
Everton v Brighton & Hove Albion,Everton,Brighton & Hove Albion,Player Shots,Yasin Ayari,Brighton & Hove Albion,0.5,1.31,Pointsbet,Everton,2384921,94227195,169
Everton v Brighton & Hove Albion,Everton,Brighton & Hove Albion,Player Shots,Yasin Ayari,Brighton & Hove Albion,1.5,2.5,Pointsbet,Everton,2384921,94227195,170
Everton v Brighton & Hove Albion,Everton,Brighton & Hove Albion,Player Shots,Yasin Ayari,Brighton & Hove Albion,2.5,5.75,Pointsbet,Everton,2384921,94227195,171
Everton v Brighton & Hove Albion,Everton,Brighton & Hove Albion,Player Shots,Yasin Ayari,Brighton & Hove Albion,3.5,15,Pointsbet,Everton,2384921,94227195,172
Everton v Brighton & Hove Albion,Everton,Brighton & Hove Albion,Player Shots,Yasin Ayari,Brighton & Hove Albion,4.5,51,Pointsbet,Everton,2384921,94227195,173
Everton v Brighton & Hove Albion,Everton,Brighton & Hove Albion,Player Shots,Carlos Baleba,Brighton & Hove Albion,0.5,1.15,Pointsbet,Everton,2384921,94227195,193
Everton v Brighton & Hove Albion,Everton,Brighton & Hove Albion,Player Shots,Carlos Baleba,Brighton & Hove Albion,1.5,1.77,Pointsbet,Everton,2384921,94227195,194
Everton v Brighton & Hove Albion,Everton,Brighton & Hove Albion,Player Shots,Carlos Baleba,Brighton & Hove Albion,2.5,3.25,Pointsbet,Everton,2384921,94227195,195
Everton v Brighton & Hove Albion,Everton,Brighton & Hove Albion,Player Shots,Carlos Baleba,Brighton & Hove Albion,3.5,6.5,Pointsbet,Everton,2384921,94227195,196
Everton v Brighton & Hove Albion,Everton,Brighton & Hove Albion,Player Shots,Carlos Baleba,Brighton & Hove Albion,4.5,17,Pointsbet,Everton,2384921,94227195,197
Everton v Brighton & Hove Albion,Everton,Brighton & Hove Albion,Player Shots,Carlos Baleba,Brighton & Hove Albion,5.5,36,Pointsbet,Everton,2384921,94227195,198
Everton v Brighton & Hove Albion,Everton,Brighton & Hove Albion,Player Shots,Yankuba Minteh,Brighton & Hove Albion,0.5,1.1,Pointsbet,Everton,2384921,94227195,199
Everton v Brighton & Hove Albion,Everton,Brighton & Hove Albion,Player Shots,Yankuba Minteh,Brighton & Hove Albion,1.5,1.5,Pointsbet,Everton,2384921,94227195,200
Everton v Brighton & Hove Albion,Everton,Brighton & Hove Albion,Player Shots,Yankuba Minteh,Brighton & Hove Albion,2.5,2.6,Pointsbet,Everton,2384921,94227195,201
Everton v Brighton & Hove Albion,Everton,Brighton & Hove Albion,Player Shots,Yankuba Minteh,Brighton & Hove Albion,3.5,5,Pointsbet,Everton,2384921,94227195,202
Everton v Brighton & Hove Albion,Everton,Brighton & Hove Albion,Player Shots,Yankuba Minteh,Brighton & Hove Albion,4.5,11,Pointsbet,Everton,2384921,94227195,203
Everton v Brighton & Hove Albion,Everton,Brighton & Hove Albion,Player Shots,Yankuba Minteh,Brighton & Hove Albion,5.5,23,Pointsbet,Everton,2384921,94227195,204
Crystal Palace v Nottingham Forest,Crystal Palace,Nottingham Forest,Player Shots,Will Hughes,Crystal Palace,0.5,1.36,Pointsbet,Nottingham Forest,2384920,94227192,7
Crystal Palace v Nottingham Forest,Crystal Palace,Nottingham Forest,Player Shots,Will Hughes,Crystal Palace,1.5,2.7,Pointsbet,Nottingham Forest,2384920,94227192,8
Crystal Palace v Nottingham Forest,Crystal Palace,Nottingham Forest,Player Shots,Will Hughes,Crystal Palace,2.5,6.5,Pointsbet,Nottingham Forest,2384920,94227192,9
Crystal Palace v Nottingham Forest,Crystal Palace,Nottingham Forest,Player Shots,Will Hughes,Crystal Palace,3.5,19,Pointsbet,Nottingham Forest,2384920,94227192,10
Crystal Palace v Nottingham Forest,Crystal Palace,Nottingham Forest,Player Shots,Will Hughes,Crystal Palace,4.5,61,Pointsbet,Nottingham Forest,2384920,94227192,11
Crystal Palace v Nottingham Forest,Crystal Palace,Nottingham Forest,Player Shots,Jean-Philippe Mateta,Crystal Palace,0.5,1.02,Pointsbet,Nottingham Forest,2384920,94227192,25
Crystal Palace v Nottingham Forest,Crystal Palace,Nottingham Forest,Player Shots,Jean-Philippe Mateta,Crystal Palace,1.5,1.15,Pointsbet,Nottingham Forest,2384920,94227192,26
Crystal Palace v Nottingham Forest,Crystal Palace,Nottingham Forest,Player Shots,Jean-Philippe Mateta,Crystal Palace,2.5,1.53,Pointsbet,Nottingham Forest,2384920,94227192,27
Crystal Palace v Nottingham Forest,Crystal Palace,Nottingham Forest,Player Shots,Jean-Philippe Mateta,Crystal Palace,3.5,2.3,Pointsbet,Nottingham Forest,2384920,94227192,28
Crystal Palace v Nottingham Forest,Crystal Palace,Nottingham Forest,Player Shots,Jean-Philippe Mateta,Crystal Palace,4.5,3.9,Pointsbet,Nottingham Forest,2384920,94227192,29
Crystal Palace v Nottingham Forest,Crystal Palace,Nottingham Forest,Player Shots,Jean-Philippe Mateta,Crystal Palace,5.5,7,Pointsbet,Nottingham Forest,2384920,94227192,30
Crystal Palace v Nottingham Forest,Crystal Palace,Nottingham Forest,Player Shots,Isma<c3><af>la Sarr,NA,0.5,1.03,Pointsbet,NA,2384920,94227192,31
Crystal Palace v Nottingham Forest,Crystal Palace,Nottingham Forest,Player Shots,Isma<c3><af>la Sarr,NA,1.5,1.21,Pointsbet,NA,2384920,94227192,32
Crystal Palace v Nottingham Forest,Crystal Palace,Nottingham Forest,Player Shots,Isma<c3><af>la Sarr,NA,2.5,1.69,Pointsbet,NA,2384920,94227192,33
Crystal Palace v Nottingham Forest,Crystal Palace,Nottingham Forest,Player Shots,Isma<c3><af>la Sarr,NA,3.5,2.6,Pointsbet,NA,2384920,94227192,34
Crystal Palace v Nottingham Forest,Crystal Palace,Nottingham Forest,Player Shots,Isma<c3><af>la Sarr,NA,4.5,4.5,Pointsbet,NA,2384920,94227192,35
Crystal Palace v Nottingham Forest,Crystal Palace,Nottingham Forest,Player Shots,Isma<c3><af>la Sarr,NA,5.5,9,Pointsbet,NA,2384920,94227192,36
Crystal Palace v Nottingham Forest,Crystal Palace,Nottingham Forest,Player Shots,D. Muñoz,NA,0.5,1.29,Pointsbet,NA,2384920,94227192,43
Crystal Palace v Nottingham Forest,Crystal Palace,Nottingham Forest,Player Shots,D. Muñoz,NA,1.5,2.35,Pointsbet,NA,2384920,94227192,44
Crystal Palace v Nottingham Forest,Crystal Palace,Nottingham Forest,Player Shots,D. Muñoz,NA,2.5,5.25,Pointsbet,NA,2384920,94227192,45
Crystal Palace v Nottingham Forest,Crystal Palace,Nottingham Forest,Player Shots,D. Muñoz,NA,3.5,16,Pointsbet,NA,2384920,94227192,46
Crystal Palace v Nottingham Forest,Crystal Palace,Nottingham Forest,Player Shots,D. Muñoz,NA,4.5,41,Pointsbet,NA,2384920,94227192,47
Crystal Palace v Nottingham Forest,Crystal Palace,Nottingham Forest,Player Shots,M. Lacroix,NA,0.5,1.36,Pointsbet,NA,2384920,94227192,49
Crystal Palace v Nottingham Forest,Crystal Palace,Nottingham Forest,Player Shots,M. Lacroix,NA,1.5,2.85,Pointsbet,NA,2384920,94227192,50
Crystal Palace v Nottingham Forest,Crystal Palace,Nottingham Forest,Player Shots,M. Lacroix,NA,2.5,7,Pointsbet,NA,2384920,94227192,51
Crystal Palace v Nottingham Forest,Crystal Palace,Nottingham Forest,Player Shots,M. Lacroix,NA,3.5,21,Pointsbet,NA,2384920,94227192,52
Crystal Palace v Nottingham Forest,Crystal Palace,Nottingham Forest,Player Shots,M. Lacroix,NA,4.5,71,Pointsbet,NA,2384920,94227192,53
Crystal Palace v Nottingham Forest,Crystal Palace,Nottingham Forest,Player Shots,Chris Richards,Crystal Palace,0.5,1.74,Pointsbet,Nottingham Forest,2384920,94227192,55
Crystal Palace v Nottingham Forest,Crystal Palace,Nottingham Forest,Player Shots,Chris Richards,Crystal Palace,1.5,4.5,Pointsbet,Nottingham Forest,2384920,94227192,56
Crystal Palace v Nottingham Forest,Crystal Palace,Nottingham Forest,Player Shots,Chris Richards,Crystal Palace,2.5,16,Pointsbet,Nottingham Forest,2384920,94227192,57
Crystal Palace v Nottingham Forest,Crystal Palace,Nottingham Forest,Player Shots,Chris Richards,Crystal Palace,3.5,61,Pointsbet,Nottingham Forest,2384920,94227192,58
Crystal Palace v Nottingham Forest,Crystal Palace,Nottingham Forest,Player Shots,Marc Gu<c3><a9>hi,NA,0.5,2,Pointsbet,NA,2384920,94227192,67
Crystal Palace v Nottingham Forest,Crystal Palace,Nottingham Forest,Player Shots,Marc Gu<c3><a9>hi,NA,1.5,6.5,Pointsbet,NA,2384920,94227192,68
Crystal Palace v Nottingham Forest,Crystal Palace,Nottingham Forest,Player Shots,Marc Gu<c3><a9>hi,NA,2.5,23,Pointsbet,NA,2384920,94227192,69
Crystal Palace v Nottingham Forest,Crystal Palace,Nottingham Forest,Player Shots,Tyrick Mitchell,Crystal Palace,0.5,1.83,Pointsbet,Nottingham Forest,2384920,94227192,79
Crystal Palace v Nottingham Forest,Crystal Palace,Nottingham Forest,Player Shots,Tyrick Mitchell,Crystal Palace,1.5,5.25,Pointsbet,Nottingham Forest,2384920,94227192,80
Crystal Palace v Nottingham Forest,Crystal Palace,Nottingham Forest,Player Shots,Tyrick Mitchell,Crystal Palace,2.5,20,Pointsbet,Nottingham Forest,2384920,94227192,81
Crystal Palace v Nottingham Forest,Crystal Palace,Nottingham Forest,Player Shots,Tyrick Mitchell,Crystal Palace,3.5,91,Pointsbet,Nottingham Forest,2384920,94227192,82
Crystal Palace v Nottingham Forest,Crystal Palace,Nottingham Forest,Player Shots,J. Devenny,NA,0.5,1.08,Pointsbet,NA,2384920,94227192,91
Crystal Palace v Nottingham Forest,Crystal Palace,Nottingham Forest,Player Shots,J. Devenny,NA,1.5,1.36,Pointsbet,NA,2384920,94227192,92
Crystal Palace v Nottingham Forest,Crystal Palace,Nottingham Forest,Player Shots,J. Devenny,NA,2.5,2.25,Pointsbet,NA,2384920,94227192,93
Crystal Palace v Nottingham Forest,Crystal Palace,Nottingham Forest,Player Shots,J. Devenny,NA,3.5,4,Pointsbet,NA,2384920,94227192,94
Crystal Palace v Nottingham Forest,Crystal Palace,Nottingham Forest,Player Shots,J. Devenny,NA,4.5,8,Pointsbet,NA,2384920,94227192,95
Crystal Palace v Nottingham Forest,Crystal Palace,Nottingham Forest,Player Shots,J. Devenny,NA,5.5,17,Pointsbet,NA,2384920,94227192,96
Crystal Palace v Nottingham Forest,Crystal Palace,Nottingham Forest,Player Shots,Adam Wharton,Crystal Palace,0.5,1.19,Pointsbet,Nottingham Forest,2384920,94227192,97
Crystal Palace v Nottingham Forest,Crystal Palace,Nottingham Forest,Player Shots,Adam Wharton,Crystal Palace,1.5,1.95,Pointsbet,Nottingham Forest,2384920,94227192,98
Crystal Palace v Nottingham Forest,Crystal Palace,Nottingham Forest,Player Shots,Adam Wharton,Crystal Palace,2.5,3.9,Pointsbet,Nottingham Forest,2384920,94227192,99
Crystal Palace v Nottingham Forest,Crystal Palace,Nottingham Forest,Player Shots,Adam Wharton,Crystal Palace,3.5,9,Pointsbet,Nottingham Forest,2384920,94227192,100
Crystal Palace v Nottingham Forest,Crystal Palace,Nottingham Forest,Player Shots,Adam Wharton,Crystal Palace,4.5,23,Pointsbet,Nottingham Forest,2384920,94227192,101
Crystal Palace v Nottingham Forest,Crystal Palace,Nottingham Forest,Player Shots,Adam Wharton,Crystal Palace,5.5,71,Pointsbet,Nottingham Forest,2384920,94227192,102
Crystal Palace v Nottingham Forest,Crystal Palace,Nottingham Forest,Player Shots,Chris Wood,Nottingham Forest,0.5,1.08,Pointsbet,Crystal Palace,2384920,94227192,103
Crystal Palace v Nottingham Forest,Crystal Palace,Nottingham Forest,Player Shots,Chris Wood,Nottingham Forest,1.5,1.48,Pointsbet,Crystal Palace,2384920,94227192,104
Crystal Palace v Nottingham Forest,Crystal Palace,Nottingham Forest,Player Shots,Chris Wood,Nottingham Forest,2.5,2.4,Pointsbet,Crystal Palace,2384920,94227192,105
Crystal Palace v Nottingham Forest,Crystal Palace,Nottingham Forest,Player Shots,Chris Wood,Nottingham Forest,3.5,4.5,Pointsbet,Crystal Palace,2384920,94227192,106
Crystal Palace v Nottingham Forest,Crystal Palace,Nottingham Forest,Player Shots,Chris Wood,Nottingham Forest,4.5,10,Pointsbet,Crystal Palace,2384920,94227192,107
Crystal Palace v Nottingham Forest,Crystal Palace,Nottingham Forest,Player Shots,Chris Wood,Nottingham Forest,5.5,23,Pointsbet,Crystal Palace,2384920,94227192,108
Crystal Palace v Nottingham Forest,Crystal Palace,Nottingham Forest,Player Shots,Ola Aina,Nottingham Forest,0.5,2.05,Pointsbet,Crystal Palace,2384920,94227192,115
Crystal Palace v Nottingham Forest,Crystal Palace,Nottingham Forest,Player Shots,Ola Aina,Nottingham Forest,1.5,7,Pointsbet,Crystal Palace,2384920,94227192,116
Crystal Palace v Nottingham Forest,Crystal Palace,Nottingham Forest,Player Shots,Ola Aina,Nottingham Forest,2.5,29,Pointsbet,Crystal Palace,2384920,94227192,117
Crystal Palace v Nottingham Forest,Crystal Palace,Nottingham Forest,Player Shots,Sangaré,NA,0.5,1.83,Pointsbet,NA,2384920,94227192,133
Crystal Palace v Nottingham Forest,Crystal Palace,Nottingham Forest,Player Shots,Sangaré,NA,1.5,5,Pointsbet,NA,2384920,94227192,134
Crystal Palace v Nottingham Forest,Crystal Palace,Nottingham Forest,Player Shots,Sangaré,NA,2.5,17,Pointsbet,NA,2384920,94227192,135
Crystal Palace v Nottingham Forest,Crystal Palace,Nottingham Forest,Player Shots,Sangaré,NA,3.5,81,Pointsbet,NA,2384920,94227192,136
Crystal Palace v Nottingham Forest,Crystal Palace,Nottingham Forest,Player Shots,Morgan Gibbs-White,Nottingham Forest,0.5,1.08,Pointsbet,Crystal Palace,2384920,94227192,139
Crystal Palace v Nottingham Forest,Crystal Palace,Nottingham Forest,Player Shots,Morgan Gibbs-White,Nottingham Forest,1.5,1.5,Pointsbet,Crystal Palace,2384920,94227192,140
Crystal Palace v Nottingham Forest,Crystal Palace,Nottingham Forest,Player Shots,Morgan Gibbs-White,Nottingham Forest,2.5,2.4,Pointsbet,Crystal Palace,2384920,94227192,141
Crystal Palace v Nottingham Forest,Crystal Palace,Nottingham Forest,Player Shots,Morgan Gibbs-White,Nottingham Forest,3.5,4.5,Pointsbet,Crystal Palace,2384920,94227192,142
Crystal Palace v Nottingham Forest,Crystal Palace,Nottingham Forest,Player Shots,Morgan Gibbs-White,Nottingham Forest,4.5,10,Pointsbet,Crystal Palace,2384920,94227192,143
Crystal Palace v Nottingham Forest,Crystal Palace,Nottingham Forest,Player Shots,Morgan Gibbs-White,Nottingham Forest,5.5,21,Pointsbet,Crystal Palace,2384920,94227192,144
Crystal Palace v Nottingham Forest,Crystal Palace,Nottingham Forest,Player Shots,Callum Hudson-Odoi,Nottingham Forest,0.5,1.1,Pointsbet,Crystal Palace,2384920,94227192,163
Crystal Palace v Nottingham Forest,Crystal Palace,Nottingham Forest,Player Shots,Callum Hudson-Odoi,Nottingham Forest,1.5,1.56,Pointsbet,Crystal Palace,2384920,94227192,164
Crystal Palace v Nottingham Forest,Crystal Palace,Nottingham Forest,Player Shots,Callum Hudson-Odoi,Nottingham Forest,2.5,2.6,Pointsbet,Crystal Palace,2384920,94227192,165
Crystal Palace v Nottingham Forest,Crystal Palace,Nottingham Forest,Player Shots,Callum Hudson-Odoi,Nottingham Forest,3.5,5.25,Pointsbet,Crystal Palace,2384920,94227192,166
Crystal Palace v Nottingham Forest,Crystal Palace,Nottingham Forest,Player Shots,Callum Hudson-Odoi,Nottingham Forest,4.5,12,Pointsbet,Crystal Palace,2384920,94227192,167
Crystal Palace v Nottingham Forest,Crystal Palace,Nottingham Forest,Player Shots,Callum Hudson-Odoi,Nottingham Forest,5.5,29,Pointsbet,Crystal Palace,2384920,94227192,168
Crystal Palace v Nottingham Forest,Crystal Palace,Nottingham Forest,Player Shots,Neco Williams,Nottingham Forest,0.5,1.42,Pointsbet,Crystal Palace,2384920,94227192,175
Crystal Palace v Nottingham Forest,Crystal Palace,Nottingham Forest,Player Shots,Neco Williams,Nottingham Forest,1.5,3,Pointsbet,Crystal Palace,2384920,94227192,176
Crystal Palace v Nottingham Forest,Crystal Palace,Nottingham Forest,Player Shots,Neco Williams,Nottingham Forest,2.5,8,Pointsbet,Crystal Palace,2384920,94227192,177
Crystal Palace v Nottingham Forest,Crystal Palace,Nottingham Forest,Player Shots,Neco Williams,Nottingham Forest,3.5,26,Pointsbet,Crystal Palace,2384920,94227192,178
Crystal Palace v Nottingham Forest,Crystal Palace,Nottingham Forest,Player Shots,D. Ndoye,NA,0.5,1.09,Pointsbet,NA,2384920,94227192,181
Crystal Palace v Nottingham Forest,Crystal Palace,Nottingham Forest,Player Shots,D. Ndoye,NA,1.5,1.44,Pointsbet,NA,2384920,94227192,182
Crystal Palace v Nottingham Forest,Crystal Palace,Nottingham Forest,Player Shots,D. Ndoye,NA,2.5,2.4,Pointsbet,NA,2384920,94227192,183
Crystal Palace v Nottingham Forest,Crystal Palace,Nottingham Forest,Player Shots,D. Ndoye,NA,3.5,4.5,Pointsbet,NA,2384920,94227192,184
Crystal Palace v Nottingham Forest,Crystal Palace,Nottingham Forest,Player Shots,D. Ndoye,NA,4.5,9.5,Pointsbet,NA,2384920,94227192,185
Crystal Palace v Nottingham Forest,Crystal Palace,Nottingham Forest,Player Shots,D. Ndoye,NA,5.5,21,Pointsbet,NA,2384920,94227192,186
Crystal Palace v Nottingham Forest,Crystal Palace,Nottingham Forest,Player Shots,Elliot Anderson,Nottingham Forest,0.5,1.25,Pointsbet,Crystal Palace,2384920,94227192,205
Crystal Palace v Nottingham Forest,Crystal Palace,Nottingham Forest,Player Shots,Elliot Anderson,Nottingham Forest,1.5,2.2,Pointsbet,Crystal Palace,2384920,94227192,206
Crystal Palace v Nottingham Forest,Crystal Palace,Nottingham Forest,Player Shots,Elliot Anderson,Nottingham Forest,2.5,4.75,Pointsbet,Crystal Palace,2384920,94227192,207
Crystal Palace v Nottingham Forest,Crystal Palace,Nottingham Forest,Player Shots,Elliot Anderson,Nottingham Forest,3.5,12,Pointsbet,Crystal Palace,2384920,94227192,208
Crystal Palace v Nottingham Forest,Crystal Palace,Nottingham Forest,Player Shots,Elliot Anderson,Nottingham Forest,4.5,31,Pointsbet,Crystal Palace,2384920,94227192,209
Crystal Palace v Nottingham Forest,Crystal Palace,Nottingham Forest,Player Shots,Elliot Anderson,Nottingham Forest,5.5,91,Pointsbet,Crystal Palace,2384920,94227192,210
Crystal Palace v Nottingham Forest,Crystal Palace,Nottingham Forest,Player Shots,Murillo,Nottingham Forest,0.5,1.77,Pointsbet,Crystal Palace,2384920,94227192,211
Crystal Palace v Nottingham Forest,Crystal Palace,Nottingham Forest,Player Shots,Murillo,Nottingham Forest,1.5,4.75,Pointsbet,Crystal Palace,2384920,94227192,212
Crystal Palace v Nottingham Forest,Crystal Palace,Nottingham Forest,Player Shots,Murillo,Nottingham Forest,2.5,17,Pointsbet,Crystal Palace,2384920,94227192,213
Crystal Palace v Nottingham Forest,Crystal Palace,Nottingham Forest,Player Shots,Murillo,Nottingham Forest,3.5,81,Pointsbet,Crystal Palace,2384920,94227192,214
Fulham v Manchester United,Fulham,Manchester United,Player Shots,R. Jiménez,NA,0.5,1.01,Pointsbet,NA,2385052,94227269,1
Fulham v Manchester United,Fulham,Manchester United,Player Shots,R. Jiménez,NA,1.5,1.08,Pointsbet,NA,2385052,94227269,2
Fulham v Manchester United,Fulham,Manchester United,Player Shots,R. Jiménez,NA,2.5,1.29,Pointsbet,NA,2385052,94227269,3
Fulham v Manchester United,Fulham,Manchester United,Player Shots,R. Jiménez,NA,3.5,1.74,Pointsbet,NA,2385052,94227269,4
Fulham v Manchester United,Fulham,Manchester United,Player Shots,R. Jiménez,NA,4.5,2.6,Pointsbet,NA,2385052,94227269,5
Fulham v Manchester United,Fulham,Manchester United,Player Shots,R. Jiménez,NA,5.5,4.2,Pointsbet,NA,2385052,94227269,6
Fulham v Manchester United,Fulham,Manchester United,Player Shots,Timothy Castagne,Fulham,0.5,1.9,Pointsbet,Manchester United,2385052,94227269,7
Fulham v Manchester United,Fulham,Manchester United,Player Shots,Timothy Castagne,Fulham,1.5,6,Pointsbet,Manchester United,2385052,94227269,8
Fulham v Manchester United,Fulham,Manchester United,Player Shots,Timothy Castagne,Fulham,2.5,21,Pointsbet,Manchester United,2385052,94227269,9
Fulham v Manchester United,Fulham,Manchester United,Player Shots,Tom Cairney,Fulham,0.5,1.18,Pointsbet,Manchester United,2385052,94227269,13
Fulham v Manchester United,Fulham,Manchester United,Player Shots,Tom Cairney,Fulham,1.5,1.83,Pointsbet,Manchester United,2385052,94227269,14
Fulham v Manchester United,Fulham,Manchester United,Player Shots,Tom Cairney,Fulham,2.5,3.7,Pointsbet,Manchester United,2385052,94227269,15
Fulham v Manchester United,Fulham,Manchester United,Player Shots,Tom Cairney,Fulham,3.5,9,Pointsbet,Manchester United,2385052,94227269,16
Fulham v Manchester United,Fulham,Manchester United,Player Shots,Tom Cairney,Fulham,4.5,21,Pointsbet,Manchester United,2385052,94227269,17
Fulham v Manchester United,Fulham,Manchester United,Player Shots,Tom Cairney,Fulham,5.5,61,Pointsbet,Manchester United,2385052,94227269,18
Fulham v Manchester United,Fulham,Manchester United,Player Shots,Kenny Tete,Fulham,0.5,1.59,Pointsbet,Manchester United,2385052,94227269,19
Fulham v Manchester United,Fulham,Manchester United,Player Shots,Kenny Tete,Fulham,1.5,3.7,Pointsbet,Manchester United,2385052,94227269,20
Fulham v Manchester United,Fulham,Manchester United,Player Shots,Kenny Tete,Fulham,2.5,11,Pointsbet,Manchester United,2385052,94227269,21
Fulham v Manchester United,Fulham,Manchester United,Player Shots,Kenny Tete,Fulham,3.5,36,Pointsbet,Manchester United,2385052,94227269,22
Fulham v Manchester United,Fulham,Manchester United,Player Shots,Harrison Reed,Fulham,0.5,1.42,Pointsbet,Manchester United,2385052,94227269,25
Fulham v Manchester United,Fulham,Manchester United,Player Shots,Harrison Reed,Fulham,1.5,3,Pointsbet,Manchester United,2385052,94227269,26
Fulham v Manchester United,Fulham,Manchester United,Player Shots,Harrison Reed,Fulham,2.5,8.5,Pointsbet,Manchester United,2385052,94227269,27
Fulham v Manchester United,Fulham,Manchester United,Player Shots,Harrison Reed,Fulham,3.5,23,Pointsbet,Manchester United,2385052,94227269,28
Fulham v Manchester United,Fulham,Manchester United,Player Shots,Harrison Reed,Fulham,4.5,91,Pointsbet,Manchester United,2385052,94227269,29
Fulham v Manchester United,Fulham,Manchester United,Player Shots,Alex Iwobi,Fulham,0.5,1.08,Pointsbet,Manchester United,2385052,94227269,31
Fulham v Manchester United,Fulham,Manchester United,Player Shots,Alex Iwobi,Fulham,1.5,1.44,Pointsbet,Manchester United,2385052,94227269,32
Fulham v Manchester United,Fulham,Manchester United,Player Shots,Alex Iwobi,Fulham,2.5,2.4,Pointsbet,Manchester United,2385052,94227269,33
Fulham v Manchester United,Fulham,Manchester United,Player Shots,Alex Iwobi,Fulham,3.5,4.4,Pointsbet,Manchester United,2385052,94227269,34
Fulham v Manchester United,Fulham,Manchester United,Player Shots,Alex Iwobi,Fulham,4.5,9.5,Pointsbet,Manchester United,2385052,94227269,35
Fulham v Manchester United,Fulham,Manchester United,Player Shots,Alex Iwobi,Fulham,5.5,21,Pointsbet,Manchester United,2385052,94227269,36
Fulham v Manchester United,Fulham,Manchester United,Player Shots,Harry Wilson,Fulham,0.5,1.06,Pointsbet,Manchester United,2385052,94227269,37
Fulham v Manchester United,Fulham,Manchester United,Player Shots,Harry Wilson,Fulham,1.5,1.31,Pointsbet,Manchester United,2385052,94227269,38
Fulham v Manchester United,Fulham,Manchester United,Player Shots,Harry Wilson,Fulham,2.5,1.9,Pointsbet,Manchester United,2385052,94227269,39
Fulham v Manchester United,Fulham,Manchester United,Player Shots,Harry Wilson,Fulham,3.5,3.3,Pointsbet,Manchester United,2385052,94227269,40
Fulham v Manchester United,Fulham,Manchester United,Player Shots,Harry Wilson,Fulham,4.5,6.5,Pointsbet,Manchester United,2385052,94227269,41
Fulham v Manchester United,Fulham,Manchester United,Player Shots,Harry Wilson,Fulham,5.5,12,Pointsbet,Manchester United,2385052,94227269,42
Fulham v Manchester United,Fulham,Manchester United,Player Shots,Traoré,NA,0.5,1.1,Pointsbet,NA,2385052,94227269,43
Fulham v Manchester United,Fulham,Manchester United,Player Shots,Traoré,NA,1.5,1.53,Pointsbet,NA,2385052,94227269,44
Fulham v Manchester United,Fulham,Manchester United,Player Shots,Traoré,NA,2.5,2.7,Pointsbet,NA,2385052,94227269,45
Fulham v Manchester United,Fulham,Manchester United,Player Shots,Traoré,NA,3.5,5,Pointsbet,NA,2385052,94227269,46
Fulham v Manchester United,Fulham,Manchester United,Player Shots,Traoré,NA,4.5,12,Pointsbet,NA,2385052,94227269,47
Fulham v Manchester United,Fulham,Manchester United,Player Shots,Traoré,NA,5.5,29,Pointsbet,NA,2385052,94227269,48
Fulham v Manchester United,Fulham,Manchester United,Player Shots,Sa<c5><a1>a Luki<c4><87>,NA,0.5,1.33,Pointsbet,NA,2385052,94227269,49
Fulham v Manchester United,Fulham,Manchester United,Player Shots,Sa<c5><a1>a Luki<c4><87>,NA,1.5,2.75,Pointsbet,NA,2385052,94227269,50
Fulham v Manchester United,Fulham,Manchester United,Player Shots,Sa<c5><a1>a Luki<c4><87>,NA,2.5,7,Pointsbet,NA,2385052,94227269,51
Fulham v Manchester United,Fulham,Manchester United,Player Shots,Sa<c5><a1>a Luki<c4><87>,NA,3.5,20,Pointsbet,NA,2385052,94227269,52
Fulham v Manchester United,Fulham,Manchester United,Player Shots,Sa<c5><a1>a Luki<c4><87>,NA,4.5,61,Pointsbet,NA,2385052,94227269,53
Fulham v Manchester United,Fulham,Manchester United,Player Shots,Joachim Andersen,Fulham,0.5,1.77,Pointsbet,Manchester United,2385052,94227269,55
Fulham v Manchester United,Fulham,Manchester United,Player Shots,Joachim Andersen,Fulham,1.5,4.5,Pointsbet,Manchester United,2385052,94227269,56
Fulham v Manchester United,Fulham,Manchester United,Player Shots,Joachim Andersen,Fulham,2.5,16,Pointsbet,Manchester United,2385052,94227269,57
Fulham v Manchester United,Fulham,Manchester United,Player Shots,Joachim Andersen,Fulham,3.5,61,Pointsbet,Manchester United,2385052,94227269,58
Fulham v Manchester United,Fulham,Manchester United,Player Shots,Andreas Pereira,Fulham,0.5,1.16,Pointsbet,Manchester United,2385052,94227269,61
Fulham v Manchester United,Fulham,Manchester United,Player Shots,Andreas Pereira,Fulham,1.5,1.83,Pointsbet,Manchester United,2385052,94227269,62
Fulham v Manchester United,Fulham,Manchester United,Player Shots,Andreas Pereira,Fulham,2.5,3.4,Pointsbet,Manchester United,2385052,94227269,63
Fulham v Manchester United,Fulham,Manchester United,Player Shots,Andreas Pereira,Fulham,3.5,8,Pointsbet,Manchester United,2385052,94227269,64
Fulham v Manchester United,Fulham,Manchester United,Player Shots,Andreas Pereira,Fulham,4.5,19,Pointsbet,Manchester United,2385052,94227269,65
Fulham v Manchester United,Fulham,Manchester United,Player Shots,Andreas Pereira,Fulham,5.5,61,Pointsbet,Manchester United,2385052,94227269,66
Fulham v Manchester United,Fulham,Manchester United,Player Shots,Sander Berge,Fulham,0.5,2.35,Pointsbet,Manchester United,2385052,94227269,67
Fulham v Manchester United,Fulham,Manchester United,Player Shots,Sander Berge,Fulham,1.5,9.5,Pointsbet,Manchester United,2385052,94227269,68
Fulham v Manchester United,Fulham,Manchester United,Player Shots,Sander Berge,Fulham,2.5,41,Pointsbet,Manchester United,2385052,94227269,69
Fulham v Manchester United,Fulham,Manchester United,Player Shots,Issa Diop,Fulham,0.5,2.3,Pointsbet,Manchester United,2385052,94227269,73
Fulham v Manchester United,Fulham,Manchester United,Player Shots,Issa Diop,Fulham,1.5,8,Pointsbet,Manchester United,2385052,94227269,74
Fulham v Manchester United,Fulham,Manchester United,Player Shots,Issa Diop,Fulham,2.5,36,Pointsbet,Manchester United,2385052,94227269,75
Fulham v Manchester United,Fulham,Manchester United,Player Shots,Emile Smith Rowe,Fulham,0.5,1.14,Pointsbet,Manchester United,2385052,94227269,79
Fulham v Manchester United,Fulham,Manchester United,Player Shots,Emile Smith Rowe,Fulham,1.5,1.69,Pointsbet,Manchester United,2385052,94227269,80
Fulham v Manchester United,Fulham,Manchester United,Player Shots,Emile Smith Rowe,Fulham,2.5,3.1,Pointsbet,Manchester United,2385052,94227269,81
Fulham v Manchester United,Fulham,Manchester United,Player Shots,Emile Smith Rowe,Fulham,3.5,6,Pointsbet,Manchester United,2385052,94227269,82
Fulham v Manchester United,Fulham,Manchester United,Player Shots,Emile Smith Rowe,Fulham,4.5,13,Pointsbet,Manchester United,2385052,94227269,83
Fulham v Manchester United,Fulham,Manchester United,Player Shots,Emile Smith Rowe,Fulham,5.5,36,Pointsbet,Manchester United,2385052,94227269,84
Fulham v Manchester United,Fulham,Manchester United,Player Shots,Jorge Cuenca,Fulham,0.5,1.48,Pointsbet,Manchester United,2385052,94227269,85
Fulham v Manchester United,Fulham,Manchester United,Player Shots,Jorge Cuenca,Fulham,1.5,3.1,Pointsbet,Manchester United,2385052,94227269,86
Fulham v Manchester United,Fulham,Manchester United,Player Shots,Jorge Cuenca,Fulham,2.5,9,Pointsbet,Manchester United,2385052,94227269,87
Fulham v Manchester United,Fulham,Manchester United,Player Shots,Jorge Cuenca,Fulham,3.5,26,Pointsbet,Manchester United,2385052,94227269,88
Fulham v Manchester United,Fulham,Manchester United,Player Shots,Jorge Cuenca,Fulham,4.5,91,Pointsbet,Manchester United,2385052,94227269,89
Fulham v Manchester United,Fulham,Manchester United,Player Shots,Calvin Bassey,Fulham,0.5,2.15,Pointsbet,Manchester United,2385052,94227269,91
Fulham v Manchester United,Fulham,Manchester United,Player Shots,Calvin Bassey,Fulham,1.5,7,Pointsbet,Manchester United,2385052,94227269,92
Fulham v Manchester United,Fulham,Manchester United,Player Shots,Calvin Bassey,Fulham,2.5,31,Pointsbet,Manchester United,2385052,94227269,93
Fulham v Manchester United,Fulham,Manchester United,Player Shots,Rodrigo Muniz,Fulham,0.5,1.02,Pointsbet,Manchester United,2385052,94227269,97
Fulham v Manchester United,Fulham,Manchester United,Player Shots,Rodrigo Muniz,Fulham,1.5,1.13,Pointsbet,Manchester United,2385052,94227269,98
Fulham v Manchester United,Fulham,Manchester United,Player Shots,Rodrigo Muniz,Fulham,2.5,1.4,Pointsbet,Manchester United,2385052,94227269,99
Fulham v Manchester United,Fulham,Manchester United,Player Shots,Rodrigo Muniz,Fulham,3.5,2.05,Pointsbet,Manchester United,2385052,94227269,100
Fulham v Manchester United,Fulham,Manchester United,Player Shots,Rodrigo Muniz,Fulham,4.5,3.3,Pointsbet,Manchester United,2385052,94227269,101
Fulham v Manchester United,Fulham,Manchester United,Player Shots,Rodrigo Muniz,Fulham,5.5,6,Pointsbet,Manchester United,2385052,94227269,102
Fulham v Manchester United,Fulham,Manchester United,Player Shots,M. Godo,NA,0.5,1.07,Pointsbet,NA,2385052,94227269,103
Fulham v Manchester United,Fulham,Manchester United,Player Shots,M. Godo,NA,1.5,1.36,Pointsbet,NA,2385052,94227269,104
Fulham v Manchester United,Fulham,Manchester United,Player Shots,M. Godo,NA,2.5,2.1,Pointsbet,NA,2385052,94227269,105
Fulham v Manchester United,Fulham,Manchester United,Player Shots,M. Godo,NA,3.5,3.9,Pointsbet,NA,2385052,94227269,106
Fulham v Manchester United,Fulham,Manchester United,Player Shots,M. Godo,NA,4.5,7.5,Pointsbet,NA,2385052,94227269,107
Fulham v Manchester United,Fulham,Manchester United,Player Shots,M. Godo,NA,5.5,19,Pointsbet,NA,2385052,94227269,108
Fulham v Manchester United,Fulham,Manchester United,Player Shots,Luke Shaw,Manchester United,0.5,1.83,Pointsbet,Fulham,2385052,94227269,109
Fulham v Manchester United,Fulham,Manchester United,Player Shots,Luke Shaw,Manchester United,1.5,5.75,Pointsbet,Fulham,2385052,94227269,110
Fulham v Manchester United,Fulham,Manchester United,Player Shots,Luke Shaw,Manchester United,2.5,19,Pointsbet,Fulham,2385052,94227269,111
Fulham v Manchester United,Fulham,Manchester United,Player Shots,Bruno Fernandes,Manchester United,0.5,1.03,Pointsbet,Fulham,2385052,94227269,121
Fulham v Manchester United,Fulham,Manchester United,Player Shots,Bruno Fernandes,Manchester United,1.5,1.19,Pointsbet,Fulham,2385052,94227269,122
Fulham v Manchester United,Fulham,Manchester United,Player Shots,Bruno Fernandes,Manchester United,2.5,1.67,Pointsbet,Fulham,2385052,94227269,123
Fulham v Manchester United,Fulham,Manchester United,Player Shots,Bruno Fernandes,Manchester United,3.5,2.55,Pointsbet,Fulham,2385052,94227269,124
Fulham v Manchester United,Fulham,Manchester United,Player Shots,Bruno Fernandes,Manchester United,4.5,4.4,Pointsbet,Fulham,2385052,94227269,125
Fulham v Manchester United,Fulham,Manchester United,Player Shots,Bruno Fernandes,Manchester United,5.5,8,Pointsbet,Fulham,2385052,94227269,126
Fulham v Manchester United,Fulham,Manchester United,Player Shots,Harry Maguire,Manchester United,0.5,1.63,Pointsbet,Fulham,2385052,94227269,127
Fulham v Manchester United,Fulham,Manchester United,Player Shots,Harry Maguire,Manchester United,1.5,3.9,Pointsbet,Fulham,2385052,94227269,128
Fulham v Manchester United,Fulham,Manchester United,Player Shots,Harry Maguire,Manchester United,2.5,11,Pointsbet,Fulham,2385052,94227269,129
Fulham v Manchester United,Fulham,Manchester United,Player Shots,Harry Maguire,Manchester United,3.5,36,Pointsbet,Fulham,2385052,94227269,130
Fulham v Manchester United,Fulham,Manchester United,Player Shots,Matthijs de Ligt,Manchester United,0.5,1.53,Pointsbet,Fulham,2385052,94227269,133
Fulham v Manchester United,Fulham,Manchester United,Player Shots,Matthijs de Ligt,Manchester United,1.5,3.4,Pointsbet,Fulham,2385052,94227269,134
Fulham v Manchester United,Fulham,Manchester United,Player Shots,Matthijs de Ligt,Manchester United,2.5,10,Pointsbet,Fulham,2385052,94227269,135
Fulham v Manchester United,Fulham,Manchester United,Player Shots,Matthijs de Ligt,Manchester United,3.5,29,Pointsbet,Fulham,2385052,94227269,136
Fulham v Manchester United,Fulham,Manchester United,Player Shots,Mason Mount,Manchester United,0.5,1.08,Pointsbet,Fulham,2385052,94227269,139
Fulham v Manchester United,Fulham,Manchester United,Player Shots,Mason Mount,Manchester United,1.5,1.42,Pointsbet,Fulham,2385052,94227269,140
Fulham v Manchester United,Fulham,Manchester United,Player Shots,Mason Mount,Manchester United,2.5,2.35,Pointsbet,Fulham,2385052,94227269,141
Fulham v Manchester United,Fulham,Manchester United,Player Shots,Mason Mount,Manchester United,3.5,4.5,Pointsbet,Fulham,2385052,94227269,142
Fulham v Manchester United,Fulham,Manchester United,Player Shots,Mason Mount,Manchester United,4.5,9,Pointsbet,Fulham,2385052,94227269,143
Fulham v Manchester United,Fulham,Manchester United,Player Shots,Mason Mount,Manchester United,5.5,20,Pointsbet,Fulham,2385052,94227269,144
Fulham v Manchester United,Fulham,Manchester United,Player Shots,Diogo Dalot,Manchester United,0.5,1.42,Pointsbet,Fulham,2385052,94227269,157
Fulham v Manchester United,Fulham,Manchester United,Player Shots,Diogo Dalot,Manchester United,1.5,3,Pointsbet,Fulham,2385052,94227269,158
Fulham v Manchester United,Fulham,Manchester United,Player Shots,Diogo Dalot,Manchester United,2.5,8,Pointsbet,Fulham,2385052,94227269,159
Fulham v Manchester United,Fulham,Manchester United,Player Shots,Diogo Dalot,Manchester United,3.5,23,Pointsbet,Fulham,2385052,94227269,160
Fulham v Manchester United,Fulham,Manchester United,Player Shots,Diogo Dalot,Manchester United,4.5,91,Pointsbet,Fulham,2385052,94227269,161
Fulham v Manchester United,Fulham,Manchester United,Player Shots,Matheus Cunha,Manchester United,1.5,1.09,Pointsbet,Fulham,2385052,94227269,163
Fulham v Manchester United,Fulham,Manchester United,Player Shots,Matheus Cunha,Manchester United,2.5,1.33,Pointsbet,Fulham,2385052,94227269,164
Fulham v Manchester United,Fulham,Manchester United,Player Shots,Matheus Cunha,Manchester United,3.5,1.83,Pointsbet,Fulham,2385052,94227269,165
Fulham v Manchester United,Fulham,Manchester United,Player Shots,Matheus Cunha,Manchester United,4.5,2.85,Pointsbet,Fulham,2385052,94227269,166
Fulham v Manchester United,Fulham,Manchester United,Player Shots,Matheus Cunha,Manchester United,5.5,4.4,Pointsbet,Fulham,2385052,94227269,167
Fulham v Manchester United,Fulham,Manchester United,Player Shots,Matheus Cunha,Manchester United,6.5,7.5,Pointsbet,Fulham,2385052,94227269,168
Fulham v Manchester United,Fulham,Manchester United,Player Shots,Joshua Zirkzee,Manchester United,0.5,1.04,Pointsbet,Fulham,2385052,94227269,169
Fulham v Manchester United,Fulham,Manchester United,Player Shots,Joshua Zirkzee,Manchester United,1.5,1.25,Pointsbet,Fulham,2385052,94227269,170
Fulham v Manchester United,Fulham,Manchester United,Player Shots,Joshua Zirkzee,Manchester United,2.5,1.74,Pointsbet,Fulham,2385052,94227269,171
Fulham v Manchester United,Fulham,Manchester United,Player Shots,Joshua Zirkzee,Manchester United,3.5,2.85,Pointsbet,Fulham,2385052,94227269,172
Fulham v Manchester United,Fulham,Manchester United,Player Shots,Joshua Zirkzee,Manchester United,4.5,5.25,Pointsbet,Fulham,2385052,94227269,173
Fulham v Manchester United,Fulham,Manchester United,Player Shots,Joshua Zirkzee,Manchester United,5.5,11,Pointsbet,Fulham,2385052,94227269,174
Fulham v Manchester United,Fulham,Manchester United,Player Shots,Bryan Mbeumo,Manchester United,0.5,1.01,Pointsbet,Fulham,2385052,94227269,175
Fulham v Manchester United,Fulham,Manchester United,Player Shots,Bryan Mbeumo,Manchester United,1.5,1.08,Pointsbet,Fulham,2385052,94227269,176
Fulham v Manchester United,Fulham,Manchester United,Player Shots,Bryan Mbeumo,Manchester United,2.5,1.29,Pointsbet,Fulham,2385052,94227269,177
Fulham v Manchester United,Fulham,Manchester United,Player Shots,Bryan Mbeumo,Manchester United,3.5,1.77,Pointsbet,Fulham,2385052,94227269,178
Fulham v Manchester United,Fulham,Manchester United,Player Shots,Bryan Mbeumo,Manchester United,4.5,2.6,Pointsbet,Fulham,2385052,94227269,179
Fulham v Manchester United,Fulham,Manchester United,Player Shots,Bryan Mbeumo,Manchester United,5.5,4.2,Pointsbet,Fulham,2385052,94227269,180
Fulham v Manchester United,Fulham,Manchester United,Player Shots,B. Šeško,NA,0.5,1.01,Pointsbet,NA,2385052,94227269,187
Fulham v Manchester United,Fulham,Manchester United,Player Shots,B. Šeško,NA,1.5,1.1,Pointsbet,NA,2385052,94227269,188
Fulham v Manchester United,Fulham,Manchester United,Player Shots,B. Šeško,NA,2.5,1.36,Pointsbet,NA,2385052,94227269,189
Fulham v Manchester United,Fulham,Manchester United,Player Shots,B. Šeško,NA,3.5,1.9,Pointsbet,NA,2385052,94227269,190
Fulham v Manchester United,Fulham,Manchester United,Player Shots,B. Šeško,NA,4.5,3.1,Pointsbet,NA,2385052,94227269,191
Fulham v Manchester United,Fulham,Manchester United,Player Shots,B. Šeško,NA,5.5,5.25,Pointsbet,NA,2385052,94227269,192
Fulham v Manchester United,Fulham,Manchester United,Player Shots,M. Ugarte,NA,0.5,1.36,Pointsbet,NA,2385052,94227269,199
Fulham v Manchester United,Fulham,Manchester United,Player Shots,M. Ugarte,NA,1.5,2.9,Pointsbet,NA,2385052,94227269,200
Fulham v Manchester United,Fulham,Manchester United,Player Shots,M. Ugarte,NA,2.5,7.5,Pointsbet,NA,2385052,94227269,201
Fulham v Manchester United,Fulham,Manchester United,Player Shots,M. Ugarte,NA,3.5,21,Pointsbet,NA,2385052,94227269,202
Fulham v Manchester United,Fulham,Manchester United,Player Shots,M. Ugarte,NA,4.5,61,Pointsbet,NA,2385052,94227269,203
Fulham v Manchester United,Fulham,Manchester United,Player Shots,R. Højlund,NA,0.5,1.05,Pointsbet,NA,2385052,94227269,211
Fulham v Manchester United,Fulham,Manchester United,Player Shots,R. Højlund,NA,1.5,1.29,Pointsbet,NA,2385052,94227269,212
Fulham v Manchester United,Fulham,Manchester United,Player Shots,R. Højlund,NA,2.5,1.83,Pointsbet,NA,2385052,94227269,213
Fulham v Manchester United,Fulham,Manchester United,Player Shots,R. Højlund,NA,3.5,3.25,Pointsbet,NA,2385052,94227269,214
Fulham v Manchester United,Fulham,Manchester United,Player Shots,R. Højlund,NA,4.5,6.5,Pointsbet,NA,2385052,94227269,215
Fulham v Manchester United,Fulham,Manchester United,Player Shots,R. Højlund,NA,5.5,12,Pointsbet,NA,2385052,94227269,216
Fulham v Manchester United,Fulham,Manchester United,Player Shots,Leny Yoro,Manchester United,0.5,1.77,Pointsbet,Fulham,2385052,94227269,217
Fulham v Manchester United,Fulham,Manchester United,Player Shots,Leny Yoro,Manchester United,1.5,5,Pointsbet,Fulham,2385052,94227269,218
Fulham v Manchester United,Fulham,Manchester United,Player Shots,Leny Yoro,Manchester United,2.5,17,Pointsbet,Fulham,2385052,94227269,219
Fulham v Manchester United,Fulham,Manchester United,Player Shots,Leny Yoro,Manchester United,3.5,71,Pointsbet,Fulham,2385052,94227269,220
Fulham v Manchester United,Fulham,Manchester United,Player Shots,T. Fredricson,NA,0.5,1.87,Pointsbet,NA,2385052,94227269,223
Fulham v Manchester United,Fulham,Manchester United,Player Shots,T. Fredricson,NA,1.5,5.25,Pointsbet,NA,2385052,94227269,224
Fulham v Manchester United,Fulham,Manchester United,Player Shots,T. Fredricson,NA,2.5,19,Pointsbet,NA,2385052,94227269,225
Fulham v Manchester United,Fulham,Manchester United,Player Shots,T. Fredricson,NA,3.5,91,Pointsbet,NA,2385052,94227269,226
Fulham v Manchester United,Fulham,Manchester United,Player Shots,Kobbie Mainoo,Manchester United,0.5,1.33,Pointsbet,Fulham,2385052,94227269,229
Fulham v Manchester United,Fulham,Manchester United,Player Shots,Kobbie Mainoo,Manchester United,1.5,2.6,Pointsbet,Fulham,2385052,94227269,230
Fulham v Manchester United,Fulham,Manchester United,Player Shots,Kobbie Mainoo,Manchester United,2.5,6.5,Pointsbet,Fulham,2385052,94227269,231
Fulham v Manchester United,Fulham,Manchester United,Player Shots,Kobbie Mainoo,Manchester United,3.5,19,Pointsbet,Fulham,2385052,94227269,232
Fulham v Manchester United,Fulham,Manchester United,Player Shots,Kobbie Mainoo,Manchester United,4.5,61,Pointsbet,Fulham,2385052,94227269,233
Fulham v Manchester United,Fulham,Manchester United,Player Shots,P. Dorgu,NA,0.5,1.33,Pointsbet,NA,2385052,94227269,235
Fulham v Manchester United,Fulham,Manchester United,Player Shots,P. Dorgu,NA,1.5,2.6,Pointsbet,NA,2385052,94227269,236
Fulham v Manchester United,Fulham,Manchester United,Player Shots,P. Dorgu,NA,2.5,6.5,Pointsbet,NA,2385052,94227269,237
Fulham v Manchester United,Fulham,Manchester United,Player Shots,P. Dorgu,NA,3.5,17,Pointsbet,NA,2385052,94227269,238
Fulham v Manchester United,Fulham,Manchester United,Player Shots,P. Dorgu,NA,4.5,61,Pointsbet,NA,2385052,94227269,239
Newcastle United v Liverpool,Newcastle United,Liverpool,Player Shots,Emil Krafth,Newcastle United,0.5,2.1,Pointsbet,Liverpool,2386514,94264387,1
Newcastle United v Liverpool,Newcastle United,Liverpool,Player Shots,Emil Krafth,Newcastle United,1.5,7,Pointsbet,Liverpool,2386514,94264387,2
Newcastle United v Liverpool,Newcastle United,Liverpool,Player Shots,Emil Krafth,Newcastle United,2.5,29,Pointsbet,Liverpool,2386514,94264387,3
Newcastle United v Liverpool,Newcastle United,Liverpool,Player Shots,Schär,NA,0.5,1.42,Pointsbet,NA,2386514,94264387,7
Newcastle United v Liverpool,Newcastle United,Liverpool,Player Shots,Schär,NA,1.5,2.9,Pointsbet,NA,2386514,94264387,8
Newcastle United v Liverpool,Newcastle United,Liverpool,Player Shots,Schär,NA,2.5,7.5,Pointsbet,NA,2386514,94264387,9
Newcastle United v Liverpool,Newcastle United,Liverpool,Player Shots,Schär,NA,3.5,20,Pointsbet,NA,2386514,94264387,10
Newcastle United v Liverpool,Newcastle United,Liverpool,Player Shots,Schär,NA,4.5,71,Pointsbet,NA,2386514,94264387,11
Newcastle United v Liverpool,Newcastle United,Liverpool,Player Shots,Dan Burn,Newcastle United,0.5,1.71,Pointsbet,Liverpool,2386514,94264387,13
Newcastle United v Liverpool,Newcastle United,Liverpool,Player Shots,Dan Burn,Newcastle United,1.5,4.5,Pointsbet,Liverpool,2386514,94264387,14
Newcastle United v Liverpool,Newcastle United,Liverpool,Player Shots,Dan Burn,Newcastle United,2.5,16,Pointsbet,Liverpool,2386514,94264387,15
Newcastle United v Liverpool,Newcastle United,Liverpool,Player Shots,Dan Burn,Newcastle United,3.5,61,Pointsbet,Liverpool,2386514,94264387,16
Newcastle United v Liverpool,Newcastle United,Liverpool,Player Shots,Jacob Murphy,Newcastle United,0.5,1.1,Pointsbet,Liverpool,2386514,94264387,37
Newcastle United v Liverpool,Newcastle United,Liverpool,Player Shots,Jacob Murphy,Newcastle United,1.5,1.59,Pointsbet,Liverpool,2386514,94264387,38
Newcastle United v Liverpool,Newcastle United,Liverpool,Player Shots,Jacob Murphy,Newcastle United,2.5,2.7,Pointsbet,Liverpool,2386514,94264387,39
Newcastle United v Liverpool,Newcastle United,Liverpool,Player Shots,Jacob Murphy,Newcastle United,3.5,5,Pointsbet,Liverpool,2386514,94264387,40
Newcastle United v Liverpool,Newcastle United,Liverpool,Player Shots,Jacob Murphy,Newcastle United,4.5,11,Pointsbet,Liverpool,2386514,94264387,41
Newcastle United v Liverpool,Newcastle United,Liverpool,Player Shots,Jacob Murphy,Newcastle United,5.5,26,Pointsbet,Liverpool,2386514,94264387,42
Newcastle United v Liverpool,Newcastle United,Liverpool,Player Shots,Joelinton,Newcastle United,0.5,1.16,Pointsbet,Liverpool,2386514,94264387,43
Newcastle United v Liverpool,Newcastle United,Liverpool,Player Shots,Joelinton,Newcastle United,1.5,1.8,Pointsbet,Liverpool,2386514,94264387,44
Newcastle United v Liverpool,Newcastle United,Liverpool,Player Shots,Joelinton,Newcastle United,2.5,3.4,Pointsbet,Liverpool,2386514,94264387,45
Newcastle United v Liverpool,Newcastle United,Liverpool,Player Shots,Joelinton,Newcastle United,3.5,7.5,Pointsbet,Liverpool,2386514,94264387,46
Newcastle United v Liverpool,Newcastle United,Liverpool,Player Shots,Joelinton,Newcastle United,4.5,19,Pointsbet,Liverpool,2386514,94264387,47
Newcastle United v Liverpool,Newcastle United,Liverpool,Player Shots,Joelinton,Newcastle United,5.5,51,Pointsbet,Liverpool,2386514,94264387,48
Newcastle United v Liverpool,Newcastle United,Liverpool,Player Shots,Harvey Barnes,Newcastle United,0.5,1.03,Pointsbet,Liverpool,2386514,94264387,49
Newcastle United v Liverpool,Newcastle United,Liverpool,Player Shots,Harvey Barnes,Newcastle United,1.5,1.24,Pointsbet,Liverpool,2386514,94264387,50
Newcastle United v Liverpool,Newcastle United,Liverpool,Player Shots,Harvey Barnes,Newcastle United,2.5,1.74,Pointsbet,Liverpool,2386514,94264387,51
Newcastle United v Liverpool,Newcastle United,Liverpool,Player Shots,Harvey Barnes,Newcastle United,3.5,2.85,Pointsbet,Liverpool,2386514,94264387,52
Newcastle United v Liverpool,Newcastle United,Liverpool,Player Shots,Harvey Barnes,Newcastle United,4.5,5,Pointsbet,Liverpool,2386514,94264387,53
Newcastle United v Liverpool,Newcastle United,Liverpool,Player Shots,Harvey Barnes,Newcastle United,5.5,10.5,Pointsbet,Liverpool,2386514,94264387,54
Newcastle United v Liverpool,Newcastle United,Liverpool,Player Shots,B. Guimarães,NA,0.5,1.33,Pointsbet,NA,2386514,94264387,55
Newcastle United v Liverpool,Newcastle United,Liverpool,Player Shots,B. Guimarães,NA,1.5,2.7,Pointsbet,NA,2386514,94264387,56
Newcastle United v Liverpool,Newcastle United,Liverpool,Player Shots,B. Guimarães,NA,2.5,6,Pointsbet,NA,2386514,94264387,57
Newcastle United v Liverpool,Newcastle United,Liverpool,Player Shots,B. Guimarães,NA,3.5,17,Pointsbet,NA,2386514,94264387,58
Newcastle United v Liverpool,Newcastle United,Liverpool,Player Shots,B. Guimarães,NA,4.5,51,Pointsbet,NA,2386514,94264387,59
Newcastle United v Liverpool,Newcastle United,Liverpool,Player Shots,Anthony Gordon,Newcastle United,0.5,1.03,Pointsbet,Liverpool,2386514,94264387,61
Newcastle United v Liverpool,Newcastle United,Liverpool,Player Shots,Anthony Gordon,Newcastle United,1.5,1.21,Pointsbet,Liverpool,2386514,94264387,62
Newcastle United v Liverpool,Newcastle United,Liverpool,Player Shots,Anthony Gordon,Newcastle United,2.5,1.65,Pointsbet,Liverpool,2386514,94264387,63
Newcastle United v Liverpool,Newcastle United,Liverpool,Player Shots,Anthony Gordon,Newcastle United,3.5,2.5,Pointsbet,Liverpool,2386514,94264387,64
Newcastle United v Liverpool,Newcastle United,Liverpool,Player Shots,Anthony Gordon,Newcastle United,4.5,4.4,Pointsbet,Liverpool,2386514,94264387,65
Newcastle United v Liverpool,Newcastle United,Liverpool,Player Shots,Anthony Gordon,Newcastle United,5.5,8.5,Pointsbet,Liverpool,2386514,94264387,66
Newcastle United v Liverpool,Newcastle United,Liverpool,Player Shots,S. Botman,NA,0.5,1.77,Pointsbet,NA,2386514,94264387,67
Newcastle United v Liverpool,Newcastle United,Liverpool,Player Shots,S. Botman,NA,1.5,4.75,Pointsbet,NA,2386514,94264387,68
Newcastle United v Liverpool,Newcastle United,Liverpool,Player Shots,S. Botman,NA,2.5,17,Pointsbet,NA,2386514,94264387,69
Newcastle United v Liverpool,Newcastle United,Liverpool,Player Shots,S. Botman,NA,3.5,61,Pointsbet,NA,2386514,94264387,70
Newcastle United v Liverpool,Newcastle United,Liverpool,Player Shots,S. Tonali,NA,0.5,1.31,Pointsbet,NA,2386514,94264387,73
Newcastle United v Liverpool,Newcastle United,Liverpool,Player Shots,S. Tonali,NA,1.5,2.5,Pointsbet,NA,2386514,94264387,74
Newcastle United v Liverpool,Newcastle United,Liverpool,Player Shots,S. Tonali,NA,2.5,6,Pointsbet,NA,2386514,94264387,75
Newcastle United v Liverpool,Newcastle United,Liverpool,Player Shots,S. Tonali,NA,3.5,16,Pointsbet,NA,2386514,94264387,76
Newcastle United v Liverpool,Newcastle United,Liverpool,Player Shots,S. Tonali,NA,4.5,51,Pointsbet,NA,2386514,94264387,77
Newcastle United v Liverpool,Newcastle United,Liverpool,Player Shots,Anthony Elanga,Newcastle United,0.5,1.09,Pointsbet,Liverpool,2386514,94264387,79
Newcastle United v Liverpool,Newcastle United,Liverpool,Player Shots,Anthony Elanga,Newcastle United,1.5,1.53,Pointsbet,Liverpool,2386514,94264387,80
Newcastle United v Liverpool,Newcastle United,Liverpool,Player Shots,Anthony Elanga,Newcastle United,2.5,2.6,Pointsbet,Liverpool,2386514,94264387,81
Newcastle United v Liverpool,Newcastle United,Liverpool,Player Shots,Anthony Elanga,Newcastle United,3.5,5.25,Pointsbet,Liverpool,2386514,94264387,82
Newcastle United v Liverpool,Newcastle United,Liverpool,Player Shots,Anthony Elanga,Newcastle United,4.5,11,Pointsbet,Liverpool,2386514,94264387,83
Newcastle United v Liverpool,Newcastle United,Liverpool,Player Shots,Anthony Elanga,Newcastle United,5.5,26,Pointsbet,Liverpool,2386514,94264387,84
Newcastle United v Liverpool,Newcastle United,Liverpool,Player Shots,Lewis Hall,Newcastle United,0.5,1.77,Pointsbet,Liverpool,2386514,94264387,97
Newcastle United v Liverpool,Newcastle United,Liverpool,Player Shots,Lewis Hall,Newcastle United,1.5,5,Pointsbet,Liverpool,2386514,94264387,98
Newcastle United v Liverpool,Newcastle United,Liverpool,Player Shots,Lewis Hall,Newcastle United,2.5,16,Pointsbet,Liverpool,2386514,94264387,99
Newcastle United v Liverpool,Newcastle United,Liverpool,Player Shots,Lewis Hall,Newcastle United,3.5,71,Pointsbet,Liverpool,2386514,94264387,100
Newcastle United v Liverpool,Newcastle United,Liverpool,Player Shots,William Osula,Newcastle United,0.5,1.03,Pointsbet,Liverpool,2386514,94264387,103
Newcastle United v Liverpool,Newcastle United,Liverpool,Player Shots,William Osula,Newcastle United,1.5,1.19,Pointsbet,Liverpool,2386514,94264387,104
Newcastle United v Liverpool,Newcastle United,Liverpool,Player Shots,William Osula,Newcastle United,2.5,1.63,Pointsbet,Liverpool,2386514,94264387,105
Newcastle United v Liverpool,Newcastle United,Liverpool,Player Shots,William Osula,Newcastle United,3.5,2.5,Pointsbet,Liverpool,2386514,94264387,106
Newcastle United v Liverpool,Newcastle United,Liverpool,Player Shots,William Osula,Newcastle United,4.5,4.2,Pointsbet,Liverpool,2386514,94264387,107
Newcastle United v Liverpool,Newcastle United,Liverpool,Player Shots,William Osula,Newcastle United,5.5,7.5,Pointsbet,Liverpool,2386514,94264387,108
Newcastle United v Liverpool,Newcastle United,Liverpool,Player Shots,L. Miley,NA,0.5,1.18,Pointsbet,NA,2386514,94264387,109
Newcastle United v Liverpool,Newcastle United,Liverpool,Player Shots,L. Miley,NA,1.5,1.83,Pointsbet,NA,2386514,94264387,110
Newcastle United v Liverpool,Newcastle United,Liverpool,Player Shots,L. Miley,NA,2.5,3.7,Pointsbet,NA,2386514,94264387,111
Newcastle United v Liverpool,Newcastle United,Liverpool,Player Shots,L. Miley,NA,3.5,9,Pointsbet,NA,2386514,94264387,112
Newcastle United v Liverpool,Newcastle United,Liverpool,Player Shots,L. Miley,NA,4.5,21,Pointsbet,NA,2386514,94264387,113
Newcastle United v Liverpool,Newcastle United,Liverpool,Player Shots,L. Miley,NA,5.5,61,Pointsbet,NA,2386514,94264387,114
Newcastle United v Liverpool,Newcastle United,Liverpool,Player Shots,Jacob Ramsey,Aston Villa,0.5,1.27,Pointsbet,Newcastle United,2386514,94264387,115
Newcastle United v Liverpool,Newcastle United,Liverpool,Player Shots,Jacob Ramsey,Aston Villa,1.5,2.3,Pointsbet,Newcastle United,2386514,94264387,116
Newcastle United v Liverpool,Newcastle United,Liverpool,Player Shots,Jacob Ramsey,Aston Villa,2.5,5,Pointsbet,Newcastle United,2386514,94264387,117
Newcastle United v Liverpool,Newcastle United,Liverpool,Player Shots,Jacob Ramsey,Aston Villa,3.5,13,Pointsbet,Newcastle United,2386514,94264387,118
Newcastle United v Liverpool,Newcastle United,Liverpool,Player Shots,Jacob Ramsey,Aston Villa,4.5,41,Pointsbet,Newcastle United,2386514,94264387,119
Newcastle United v Liverpool,Newcastle United,Liverpool,Player Shots,M. Thiaw,NA,0.5,2.2,Pointsbet,NA,2386514,94264387,121
Newcastle United v Liverpool,Newcastle United,Liverpool,Player Shots,M. Thiaw,NA,1.5,7,Pointsbet,NA,2386514,94264387,122
Newcastle United v Liverpool,Newcastle United,Liverpool,Player Shots,M. Thiaw,NA,2.5,29,Pointsbet,NA,2386514,94264387,123
Newcastle United v Liverpool,Newcastle United,Liverpool,Player Shots,Mohamed Salah,Liverpool,0.5,1.02,Pointsbet,Newcastle United,2386514,94264387,127
Newcastle United v Liverpool,Newcastle United,Liverpool,Player Shots,Mohamed Salah,Liverpool,1.5,1.15,Pointsbet,Newcastle United,2386514,94264387,128
Newcastle United v Liverpool,Newcastle United,Liverpool,Player Shots,Mohamed Salah,Liverpool,2.5,1.48,Pointsbet,Newcastle United,2386514,94264387,129
Newcastle United v Liverpool,Newcastle United,Liverpool,Player Shots,Mohamed Salah,Liverpool,3.5,2.2,Pointsbet,Newcastle United,2386514,94264387,130
Newcastle United v Liverpool,Newcastle United,Liverpool,Player Shots,Mohamed Salah,Liverpool,4.5,3.6,Pointsbet,Newcastle United,2386514,94264387,131
Newcastle United v Liverpool,Newcastle United,Liverpool,Player Shots,Mohamed Salah,Liverpool,5.5,6.5,Pointsbet,Newcastle United,2386514,94264387,132
Newcastle United v Liverpool,Newcastle United,Liverpool,Player Shots,Virgil van Dijk,Liverpool,0.5,1.4,Pointsbet,Newcastle United,2386514,94264387,133
Newcastle United v Liverpool,Newcastle United,Liverpool,Player Shots,Virgil van Dijk,Liverpool,1.5,2.9,Pointsbet,Newcastle United,2386514,94264387,134
Newcastle United v Liverpool,Newcastle United,Liverpool,Player Shots,Virgil van Dijk,Liverpool,2.5,7.5,Pointsbet,Newcastle United,2386514,94264387,135
Newcastle United v Liverpool,Newcastle United,Liverpool,Player Shots,Virgil van Dijk,Liverpool,3.5,23,Pointsbet,Newcastle United,2386514,94264387,136
Newcastle United v Liverpool,Newcastle United,Liverpool,Player Shots,Virgil van Dijk,Liverpool,4.5,71,Pointsbet,Newcastle United,2386514,94264387,137
Newcastle United v Liverpool,Newcastle United,Liverpool,Player Shots,Andrew Robertson,Liverpool,0.5,1.95,Pointsbet,Newcastle United,2386514,94264387,139
Newcastle United v Liverpool,Newcastle United,Liverpool,Player Shots,Andrew Robertson,Liverpool,1.5,6.5,Pointsbet,Newcastle United,2386514,94264387,140
Newcastle United v Liverpool,Newcastle United,Liverpool,Player Shots,Andrew Robertson,Liverpool,2.5,26,Pointsbet,Newcastle United,2386514,94264387,141
Newcastle United v Liverpool,Newcastle United,Liverpool,Player Shots,Joe Gomez,Liverpool,0.5,1.67,Pointsbet,Newcastle United,2386514,94264387,145
Newcastle United v Liverpool,Newcastle United,Liverpool,Player Shots,Joe Gomez,Liverpool,1.5,4.2,Pointsbet,Newcastle United,2386514,94264387,146
Newcastle United v Liverpool,Newcastle United,Liverpool,Player Shots,Joe Gomez,Liverpool,2.5,12,Pointsbet,Newcastle United,2386514,94264387,147
Newcastle United v Liverpool,Newcastle United,Liverpool,Player Shots,Joe Gomez,Liverpool,3.5,41,Pointsbet,Newcastle United,2386514,94264387,148
Newcastle United v Liverpool,Newcastle United,Liverpool,Player Shots,Wataru Endo,Liverpool,0.5,1.53,Pointsbet,Newcastle United,2386514,94264387,157
Newcastle United v Liverpool,Newcastle United,Liverpool,Player Shots,Wataru Endo,Liverpool,1.5,3.4,Pointsbet,Newcastle United,2386514,94264387,158
Newcastle United v Liverpool,Newcastle United,Liverpool,Player Shots,Wataru Endo,Liverpool,2.5,10.5,Pointsbet,Newcastle United,2386514,94264387,159
Newcastle United v Liverpool,Newcastle United,Liverpool,Player Shots,Wataru Endo,Liverpool,3.5,29,Pointsbet,Newcastle United,2386514,94264387,160
Newcastle United v Liverpool,Newcastle United,Liverpool,Player Shots,Chiesa,NA,0.5,1.02,Pointsbet,NA,2386514,94264387,163
Newcastle United v Liverpool,Newcastle United,Liverpool,Player Shots,Chiesa,NA,1.5,1.15,Pointsbet,NA,2386514,94264387,164
Newcastle United v Liverpool,Newcastle United,Liverpool,Player Shots,Chiesa,NA,2.5,1.5,Pointsbet,NA,2386514,94264387,165
Newcastle United v Liverpool,Newcastle United,Liverpool,Player Shots,Chiesa,NA,3.5,2.2,Pointsbet,NA,2386514,94264387,166
Newcastle United v Liverpool,Newcastle United,Liverpool,Player Shots,Chiesa,NA,4.5,3.6,Pointsbet,NA,2386514,94264387,167
Newcastle United v Liverpool,Newcastle United,Liverpool,Player Shots,Chiesa,NA,5.5,6.5,Pointsbet,NA,2386514,94264387,168
Newcastle United v Liverpool,Newcastle United,Liverpool,Player Shots,Konaté,NA,0.5,2,Pointsbet,NA,2386514,94264387,169
Newcastle United v Liverpool,Newcastle United,Liverpool,Player Shots,Konaté,NA,1.5,6,Pointsbet,NA,2386514,94264387,170
Newcastle United v Liverpool,Newcastle United,Liverpool,Player Shots,Konaté,NA,2.5,23,Pointsbet,NA,2386514,94264387,171
Newcastle United v Liverpool,Newcastle United,Liverpool,Player Shots,Cody Gakpo,Liverpool,0.5,1.04,Pointsbet,Newcastle United,2386514,94264387,175
Newcastle United v Liverpool,Newcastle United,Liverpool,Player Shots,Cody Gakpo,Liverpool,1.5,1.27,Pointsbet,Newcastle United,2386514,94264387,176
Newcastle United v Liverpool,Newcastle United,Liverpool,Player Shots,Cody Gakpo,Liverpool,2.5,1.8,Pointsbet,Newcastle United,2386514,94264387,177
Newcastle United v Liverpool,Newcastle United,Liverpool,Player Shots,Cody Gakpo,Liverpool,3.5,3,Pointsbet,Newcastle United,2386514,94264387,178
Newcastle United v Liverpool,Newcastle United,Liverpool,Player Shots,Cody Gakpo,Liverpool,4.5,5.25,Pointsbet,Newcastle United,2386514,94264387,179
Newcastle United v Liverpool,Newcastle United,Liverpool,Player Shots,Cody Gakpo,Liverpool,5.5,11,Pointsbet,Newcastle United,2386514,94264387,180
Newcastle United v Liverpool,Newcastle United,Liverpool,Player Shots,Dominik Szoboszlai,Liverpool,0.5,1.09,Pointsbet,Newcastle United,2386514,94264387,181
Newcastle United v Liverpool,Newcastle United,Liverpool,Player Shots,Dominik Szoboszlai,Liverpool,1.5,1.56,Pointsbet,Newcastle United,2386514,94264387,182
Newcastle United v Liverpool,Newcastle United,Liverpool,Player Shots,Dominik Szoboszlai,Liverpool,2.5,2.6,Pointsbet,Newcastle United,2386514,94264387,183
Newcastle United v Liverpool,Newcastle United,Liverpool,Player Shots,Dominik Szoboszlai,Liverpool,3.5,5,Pointsbet,Newcastle United,2386514,94264387,184
Newcastle United v Liverpool,Newcastle United,Liverpool,Player Shots,Dominik Szoboszlai,Liverpool,4.5,11,Pointsbet,Newcastle United,2386514,94264387,185
Newcastle United v Liverpool,Newcastle United,Liverpool,Player Shots,Dominik Szoboszlai,Liverpool,5.5,29,Pointsbet,Newcastle United,2386514,94264387,186
Newcastle United v Liverpool,Newcastle United,Liverpool,Player Shots,Alexis Mac Allister,Liverpool,0.5,1.31,Pointsbet,Newcastle United,2386514,94264387,187
Newcastle United v Liverpool,Newcastle United,Liverpool,Player Shots,Alexis Mac Allister,Liverpool,1.5,2.4,Pointsbet,Newcastle United,2386514,94264387,188
Newcastle United v Liverpool,Newcastle United,Liverpool,Player Shots,Alexis Mac Allister,Liverpool,2.5,5.25,Pointsbet,Newcastle United,2386514,94264387,189
Newcastle United v Liverpool,Newcastle United,Liverpool,Player Shots,Alexis Mac Allister,Liverpool,3.5,15,Pointsbet,Newcastle United,2386514,94264387,190
Newcastle United v Liverpool,Newcastle United,Liverpool,Player Shots,Alexis Mac Allister,Liverpool,4.5,41,Pointsbet,Newcastle United,2386514,94264387,191
Newcastle United v Liverpool,Newcastle United,Liverpool,Player Shots,Curtis Jones,Liverpool,0.5,1.16,Pointsbet,Newcastle United,2386514,94264387,193
Newcastle United v Liverpool,Newcastle United,Liverpool,Player Shots,Curtis Jones,Liverpool,1.5,1.8,Pointsbet,Newcastle United,2386514,94264387,194
Newcastle United v Liverpool,Newcastle United,Liverpool,Player Shots,Curtis Jones,Liverpool,2.5,3.4,Pointsbet,Newcastle United,2386514,94264387,195
Newcastle United v Liverpool,Newcastle United,Liverpool,Player Shots,Curtis Jones,Liverpool,3.5,7.5,Pointsbet,Newcastle United,2386514,94264387,196
Newcastle United v Liverpool,Newcastle United,Liverpool,Player Shots,Curtis Jones,Liverpool,4.5,19,Pointsbet,Newcastle United,2386514,94264387,197
Newcastle United v Liverpool,Newcastle United,Liverpool,Player Shots,Curtis Jones,Liverpool,5.5,41,Pointsbet,Newcastle United,2386514,94264387,198
Newcastle United v Liverpool,Newcastle United,Liverpool,Player Shots,Ryan Gravenberch,Liverpool,0.5,1.53,Pointsbet,Newcastle United,2386514,94264387,199
Newcastle United v Liverpool,Newcastle United,Liverpool,Player Shots,Ryan Gravenberch,Liverpool,1.5,3.3,Pointsbet,Newcastle United,2386514,94264387,200
Newcastle United v Liverpool,Newcastle United,Liverpool,Player Shots,Ryan Gravenberch,Liverpool,2.5,10,Pointsbet,Newcastle United,2386514,94264387,201
Newcastle United v Liverpool,Newcastle United,Liverpool,Player Shots,Ryan Gravenberch,Liverpool,3.5,29,Pointsbet,Newcastle United,2386514,94264387,202
Newcastle United v Liverpool,Newcastle United,Liverpool,Player Shots,Ryan Gravenberch,Liverpool,4.5,91,Pointsbet,Newcastle United,2386514,94264387,203
Newcastle United v Liverpool,Newcastle United,Liverpool,Player Shots,Harvey Elliott,Liverpool,0.5,1.08,Pointsbet,Newcastle United,2386514,94264387,211
Newcastle United v Liverpool,Newcastle United,Liverpool,Player Shots,Harvey Elliott,Liverpool,1.5,1.48,Pointsbet,Newcastle United,2386514,94264387,212
Newcastle United v Liverpool,Newcastle United,Liverpool,Player Shots,Harvey Elliott,Liverpool,2.5,2.4,Pointsbet,Newcastle United,2386514,94264387,213
Newcastle United v Liverpool,Newcastle United,Liverpool,Player Shots,Harvey Elliott,Liverpool,3.5,4.5,Pointsbet,Newcastle United,2386514,94264387,214
Newcastle United v Liverpool,Newcastle United,Liverpool,Player Shots,Harvey Elliott,Liverpool,4.5,10,Pointsbet,Newcastle United,2386514,94264387,215
Newcastle United v Liverpool,Newcastle United,Liverpool,Player Shots,Harvey Elliott,Liverpool,5.5,21,Pointsbet,Newcastle United,2386514,94264387,216
Newcastle United v Liverpool,Newcastle United,Liverpool,Player Shots,F. Wirtz,NA,0.5,1.08,Pointsbet,NA,2386514,94264387,217
Newcastle United v Liverpool,Newcastle United,Liverpool,Player Shots,F. Wirtz,NA,1.5,1.4,Pointsbet,NA,2386514,94264387,218
Newcastle United v Liverpool,Newcastle United,Liverpool,Player Shots,F. Wirtz,NA,2.5,2.25,Pointsbet,NA,2386514,94264387,219
Newcastle United v Liverpool,Newcastle United,Liverpool,Player Shots,F. Wirtz,NA,3.5,4.2,Pointsbet,NA,2386514,94264387,220
Newcastle United v Liverpool,Newcastle United,Liverpool,Player Shots,F. Wirtz,NA,4.5,8.5,Pointsbet,NA,2386514,94264387,221
Newcastle United v Liverpool,Newcastle United,Liverpool,Player Shots,F. Wirtz,NA,5.5,19,Pointsbet,NA,2386514,94264387,222
Newcastle United v Liverpool,Newcastle United,Liverpool,Player Shots,H. Ekitike,NA,0.5,1.01,Pointsbet,NA,2386514,94264387,223
Newcastle United v Liverpool,Newcastle United,Liverpool,Player Shots,H. Ekitike,NA,1.5,1.06,Pointsbet,NA,2386514,94264387,224
Newcastle United v Liverpool,Newcastle United,Liverpool,Player Shots,H. Ekitike,NA,2.5,1.24,Pointsbet,NA,2386514,94264387,225
Newcastle United v Liverpool,Newcastle United,Liverpool,Player Shots,H. Ekitike,NA,3.5,1.63,Pointsbet,NA,2386514,94264387,226
Newcastle United v Liverpool,Newcastle United,Liverpool,Player Shots,H. Ekitike,NA,4.5,2.3,Pointsbet,NA,2386514,94264387,227
Newcastle United v Liverpool,Newcastle United,Liverpool,Player Shots,H. Ekitike,NA,5.5,3.6,Pointsbet,NA,2386514,94264387,228
Newcastle United v Liverpool,Newcastle United,Liverpool,Player Shots,Milos Kerkez,Liverpool,0.5,1.8,Pointsbet,Newcastle United,2386514,94264387,229
Newcastle United v Liverpool,Newcastle United,Liverpool,Player Shots,Milos Kerkez,Liverpool,1.5,4.75,Pointsbet,Newcastle United,2386514,94264387,230
Newcastle United v Liverpool,Newcastle United,Liverpool,Player Shots,Milos Kerkez,Liverpool,2.5,16,Pointsbet,Newcastle United,2386514,94264387,231
Newcastle United v Liverpool,Newcastle United,Liverpool,Player Shots,Milos Kerkez,Liverpool,3.5,71,Pointsbet,Newcastle United,2386514,94264387,232
