match,home_team,away_team,market_name,player_name,player_team,opposition_team,line,over_price,agency,class_external_id,competition_external_id,event_external_id,market_id,player_id
Manchester City v Tottenham Hotspur,Manchester City,Tottenham Hotspur,Player Assists,Oscar Bobb,Manchester City,Tottenham Hotspur,0.5,2.88,Sportsbet,49,289,14285834,523807720,2490682717
Manchester City v Tottenham Hotspur,Manchester City,Tottenham Hotspur,Player Assists,Phil Foden,Manchester City,Tottenham Hotspur,0.5,2.8,Sportsbet,49,289,14285834,523807720,2490682708
Manchester City v Tottenham Hotspur,Manchester City,Tottenham Hotspur,Player Assists,Bernardo Silva,Manchester City,Tottenham Hotspur,0.5,3.1,Sportsbet,49,289,14285834,523807720,2490682704
Manchester City v Tottenham Hotspur,Manchester City,Tottenham Hotspur,Player Assists,Erling Haaland,Manchester City,Tottenham Hotspur,0.5,3.75,Sportsbet,49,289,14285834,523807720,2490682711
Manchester City v Tottenham Hotspur,Manchester City,Tottenham Hotspur,Player Assists,Ilkay G<c3><bc>ndogan,NA,NA,0.5,3.75,Sportsbet,49,289,14285834,523807720,2490682701
Manchester City v Tottenham Hotspur,Manchester City,Tottenham Hotspur,Player Assists,J<c3><a9>r<c3><a9>my Doku,NA,NA,0.5,3.2,Sportsbet,49,289,14285834,523807720,2490682712
Manchester City v Tottenham Hotspur,Manchester City,Tottenham Hotspur,Player Assists,Matheus Nunes,Manchester City,Tottenham Hotspur,0.5,3.75,Sportsbet,49,289,14285834,523807720,2490682716
Manchester City v Tottenham Hotspur,Manchester City,Tottenham Hotspur,Player Assists,Omar Marmoush,Manchester City,Tottenham Hotspur,0.5,3.2,Sportsbet,49,289,14285834,523807720,2490682715
Manchester City v Tottenham Hotspur,Manchester City,Tottenham Hotspur,Player Assists,Rayan A<c3><af>t-Nouri,NA,NA,0.5,3.1,Sportsbet,49,289,14285834,523807720,2490682710
Manchester City v Tottenham Hotspur,Manchester City,Tottenham Hotspur,Player Assists,Rayan Cherki,Manchester City,Tottenham Hotspur,0.5,3.1,Sportsbet,49,289,14285834,523807720,2490682714
Manchester City v Tottenham Hotspur,Manchester City,Tottenham Hotspur,Player Assists,Tijjani Reijnders,Manchester City,Tottenham Hotspur,0.5,3.75,Sportsbet,49,289,14285834,523807720,2490682709
Manchester City v Tottenham Hotspur,Manchester City,Tottenham Hotspur,Player Assists,Nico Gonzalez,NA,NA,0.5,4.33,Sportsbet,49,289,14285834,523807720,2490682718
Manchester City v Tottenham Hotspur,Manchester City,Tottenham Hotspur,Player Assists,Nico O'Reilly,Manchester City,Tottenham Hotspur,0.5,4,Sportsbet,49,289,14285834,523807720,2490682720
Manchester City v Tottenham Hotspur,Manchester City,Tottenham Hotspur,Player Assists,Rodri,Manchester City,Tottenham Hotspur,0.5,4.33,Sportsbet,49,289,14285834,523807720,2490682706
Manchester City v Tottenham Hotspur,Manchester City,Tottenham Hotspur,Player Assists,Rico Lewis,Manchester City,Tottenham Hotspur,0.5,5.5,Sportsbet,49,289,14285834,523807720,2490682719
Manchester City v Tottenham Hotspur,Manchester City,Tottenham Hotspur,Player Assists,John Stones,Manchester City,Tottenham Hotspur,0.5,10,Sportsbet,49,289,14285834,523807720,2490682702
Manchester City v Tottenham Hotspur,Manchester City,Tottenham Hotspur,Player Assists,Abdukodir Khusanov,Manchester City,Tottenham Hotspur,0.5,12,Sportsbet,49,289,14285834,523807720,2490682721
Manchester City v Tottenham Hotspur,Manchester City,Tottenham Hotspur,Player Assists,Nathan Ak<c3><a9>,NA,NA,0.5,12,Sportsbet,49,289,14285834,523807720,2490682703
Manchester City v Tottenham Hotspur,Manchester City,Tottenham Hotspur,Player Assists,Manuel Akanji,Manchester City,Tottenham Hotspur,0.5,14,Sportsbet,49,289,14285834,523807720,2490682705
Manchester City v Tottenham Hotspur,Manchester City,Tottenham Hotspur,Player Assists,R<c3><ba>ben Dias,NA,NA,0.5,14,Sportsbet,49,289,14285834,523807720,2490682707
Manchester City v Tottenham Hotspur,Manchester City,Tottenham Hotspur,Player Assists,Manor Solomon,Tottenham Hotspur,Manchester City,0.5,4.33,Sportsbet,49,289,14285834,523807720,2490682727
Manchester City v Tottenham Hotspur,Manchester City,Tottenham Hotspur,Player Assists,Mohammed Kudus,Tottenham Hotspur,Manchester City,0.5,4.33,Sportsbet,49,289,14285834,523807720,2490682734
Manchester City v Tottenham Hotspur,Manchester City,Tottenham Hotspur,Player Assists,Pedro Porro,Tottenham Hotspur,Manchester City,0.5,4.2,Sportsbet,49,289,14285834,523807720,2490682730
Manchester City v Tottenham Hotspur,Manchester City,Tottenham Hotspur,Player Assists,Brennan Johnson,Tottenham Hotspur,Manchester City,0.5,5,Sportsbet,49,289,14285834,523807720,2490682733
Manchester City v Tottenham Hotspur,Manchester City,Tottenham Hotspur,Player Assists,Mathys Tel,Tottenham Hotspur,Manchester City,0.5,5,Sportsbet,49,289,14285834,523807720,2490682738
Manchester City v Tottenham Hotspur,Manchester City,Tottenham Hotspur,Player Assists,Wilson Odobert,Tottenham Hotspur,Manchester City,0.5,5.5,Sportsbet,49,289,14285834,523807720,2490682740
Manchester City v Tottenham Hotspur,Manchester City,Tottenham Hotspur,Player Assists,Dominic Solanke,Tottenham Hotspur,Manchester City,0.5,6,Sportsbet,49,289,14285834,523807720,2490682723
Manchester City v Tottenham Hotspur,Manchester City,Tottenham Hotspur,Player Assists,Lucas Bergvall,Tottenham Hotspur,Manchester City,0.5,6.5,Sportsbet,49,289,14285834,523807720,2490682741
Manchester City v Tottenham Hotspur,Manchester City,Tottenham Hotspur,Player Assists,Archie Gray,Tottenham Hotspur,Manchester City,0.5,7,Sportsbet,49,289,14285834,523807720,2490682739
Manchester City v Tottenham Hotspur,Manchester City,Tottenham Hotspur,Player Assists,Pape Matar Sarr,Tottenham Hotspur,Manchester City,0.5,7,Sportsbet,49,289,14285834,523807720,2490682736
Manchester City v Tottenham Hotspur,Manchester City,Tottenham Hotspur,Player Assists,Richarlison,Tottenham Hotspur,Manchester City,0.5,7,Sportsbet,49,289,14285834,523807720,2490682728
Manchester City v Tottenham Hotspur,Manchester City,Tottenham Hotspur,Player Assists,Rodrigo Bentancur,Tottenham Hotspur,Manchester City,0.5,7.5,Sportsbet,49,289,14285834,523807720,2490682729
Manchester City v Tottenham Hotspur,Manchester City,Tottenham Hotspur,Player Assists,Djed Spence,Tottenham Hotspur,Manchester City,0.5,8,Sportsbet,49,289,14285834,523807720,2490682732
Manchester City v Tottenham Hotspur,Manchester City,Tottenham Hotspur,Player Assists,Kevin Danso,Tottenham Hotspur,Manchester City,0.5,14,Sportsbet,49,289,14285834,523807720,2490682726
Manchester City v Tottenham Hotspur,Manchester City,Tottenham Hotspur,Player Assists,Micky van de Ven,Tottenham Hotspur,Manchester City,0.5,14,Sportsbet,49,289,14285834,523807720,2490682737
Manchester City v Tottenham Hotspur,Manchester City,Tottenham Hotspur,Player Assists,Ben Davies,Tottenham Hotspur,Manchester City,0.5,15,Sportsbet,49,289,14285834,523807720,2490682722
Manchester City v Tottenham Hotspur,Manchester City,Tottenham Hotspur,Player Assists,Joao Palhinha,NA,NA,0.5,15,Sportsbet,49,289,14285834,523807720,2490682724
Manchester City v Tottenham Hotspur,Manchester City,Tottenham Hotspur,Player Assists,Cristian Romero,Tottenham Hotspur,Manchester City,0.5,17,Sportsbet,49,289,14285834,523807720,2490682731
Bournemouth v Wolverhampton Wanderers,Bournemouth,Wolverhampton Wanderers,Player Assists,Marcus Tavernier,Bournemouth,Wolverhampton Wanderers,0.5,2.88,Sportsbet,49,289,14285994,523823242,2490767680
Bournemouth v Wolverhampton Wanderers,Bournemouth,Wolverhampton Wanderers,Player Assists,Amine Adli,NA,NA,0.5,3.6,Sportsbet,49,289,14285994,523823242,2492069018
Bournemouth v Wolverhampton Wanderers,Bournemouth,Wolverhampton Wanderers,Player Assists,Antoine Semenyo,Bournemouth,Wolverhampton Wanderers,0.5,3.6,Sportsbet,49,289,14285994,523823242,2490767684
Bournemouth v Wolverhampton Wanderers,Bournemouth,Wolverhampton Wanderers,Player Assists,David Brooks,Bournemouth,Wolverhampton Wanderers,0.5,3.5,Sportsbet,49,289,14285994,523823242,2490767679
Bournemouth v Wolverhampton Wanderers,Bournemouth,Wolverhampton Wanderers,Player Assists,Evanilson,Bournemouth,Wolverhampton Wanderers,0.5,3.75,Sportsbet,49,289,14285994,523823242,2490767683
Bournemouth v Wolverhampton Wanderers,Bournemouth,Wolverhampton Wanderers,Player Assists,Hamed Junior Traor<c3><a8>,NA,NA,0.5,3.5,Sportsbet,49,289,14285994,523823242,2490767682
Bournemouth v Wolverhampton Wanderers,Bournemouth,Wolverhampton Wanderers,Player Assists,Philip Billing,Bournemouth,Wolverhampton Wanderers,0.5,3.75,Sportsbet,49,289,14285994,523823242,2490767677
Bournemouth v Wolverhampton Wanderers,Bournemouth,Wolverhampton Wanderers,Player Assists,Remy Rees-Dottin,Bournemouth,Wolverhampton Wanderers,0.5,3.3,Sportsbet,49,289,14285994,523823242,2490767696
Bournemouth v Wolverhampton Wanderers,Bournemouth,Wolverhampton Wanderers,Player Assists,Ryan Christie,Bournemouth,Wolverhampton Wanderers,0.5,3,Sportsbet,49,289,14285994,523823242,2490767676
Bournemouth v Wolverhampton Wanderers,Bournemouth,Wolverhampton Wanderers,Player Assists,Adrien Truffert,Bournemouth,Wolverhampton Wanderers,0.5,4.2,Sportsbet,49,289,14285994,523823242,2490767690
Bournemouth v Wolverhampton Wanderers,Bournemouth,Wolverhampton Wanderers,Player Assists,Ben Doak,Liverpool,Bournemouth,0.5,4.33,Sportsbet,49,289,14285994,523823242,2490767692
Bournemouth v Wolverhampton Wanderers,Bournemouth,Wolverhampton Wanderers,Player Assists,Eli Kroupi,Bournemouth,Wolverhampton Wanderers,0.5,4.33,Sportsbet,49,289,14285994,523823242,2490767694
Bournemouth v Wolverhampton Wanderers,Bournemouth,Wolverhampton Wanderers,Player Assists,Juli<c3><a1>n Araujo,NA,NA,0.5,4.5,Sportsbet,49,289,14285994,523823242,2490767688
Bournemouth v Wolverhampton Wanderers,Bournemouth,Wolverhampton Wanderers,Player Assists,Alex Scott,Bournemouth,Wolverhampton Wanderers,0.5,5,Sportsbet,49,289,14285994,523823242,2490767691
Bournemouth v Wolverhampton Wanderers,Bournemouth,Wolverhampton Wanderers,Player Assists,Ben Winterburn,Bournemouth,Wolverhampton Wanderers,0.5,5.5,Sportsbet,49,289,14285994,523823242,2490767695
Bournemouth v Wolverhampton Wanderers,Bournemouth,Wolverhampton Wanderers,Player Assists,Tyler Adams,Bournemouth,Wolverhampton Wanderers,0.5,5,Sportsbet,49,289,14285994,523823242,2490767678
Bournemouth v Wolverhampton Wanderers,Bournemouth,Wolverhampton Wanderers,Player Assists,Bafode Diakite,NA,NA,0.5,6.5,Sportsbet,49,289,14285994,523823242,2490767687
Bournemouth v Wolverhampton Wanderers,Bournemouth,Wolverhampton Wanderers,Player Assists,Julio Soler,Bournemouth,Wolverhampton Wanderers,0.5,6,Sportsbet,49,289,14285994,523823242,2490767693
Bournemouth v Wolverhampton Wanderers,Bournemouth,Wolverhampton Wanderers,Player Assists,Marcos Senesi,Bournemouth,Wolverhampton Wanderers,0.5,6,Sportsbet,49,289,14285994,523823242,2490767689
Bournemouth v Wolverhampton Wanderers,Bournemouth,Wolverhampton Wanderers,Player Assists,Adam Smith,Bournemouth,Wolverhampton Wanderers,0.5,9.5,Sportsbet,49,289,14285994,523823242,2490767675
Bournemouth v Wolverhampton Wanderers,Bournemouth,Wolverhampton Wanderers,Player Assists,James Hill,Bournemouth,Wolverhampton Wanderers,0.5,11,Sportsbet,49,289,14285994,523823242,2490767686
Bournemouth v Wolverhampton Wanderers,Bournemouth,Wolverhampton Wanderers,Player Assists,Chris Mepham,Bournemouth,Wolverhampton Wanderers,0.5,13,Sportsbet,49,289,14285994,523823242,2490767681
Bournemouth v Wolverhampton Wanderers,Bournemouth,Wolverhampton Wanderers,Player Assists,Fer Lopez,NA,NA,0.5,4.5,Sportsbet,49,289,14285994,523823242,2490767717
Bournemouth v Wolverhampton Wanderers,Bournemouth,Wolverhampton Wanderers,Player Assists,Hee-chan Hwang,Wolverhampton Wanderers,Bournemouth,0.5,4.5,Sportsbet,49,289,14285994,523823242,2490767698
Bournemouth v Wolverhampton Wanderers,Bournemouth,Wolverhampton Wanderers,Player Assists,Jean-Ricner Bellegarde,Wolverhampton Wanderers,Bournemouth,0.5,4.33,Sportsbet,49,289,14285994,523823242,2490767699
Bournemouth v Wolverhampton Wanderers,Bournemouth,Wolverhampton Wanderers,Player Assists,Rodrigo Gomes,Wolverhampton Wanderers,Bournemouth,0.5,4.33,Sportsbet,49,289,14285994,523823242,2490767710
Bournemouth v Wolverhampton Wanderers,Bournemouth,Wolverhampton Wanderers,Player Assists,Sasa Kalajdzic,Wolverhampton Wanderers,Bournemouth,0.5,4.5,Sportsbet,49,289,14285994,523823242,2490767700
Bournemouth v Wolverhampton Wanderers,Bournemouth,Wolverhampton Wanderers,Player Assists,Hugo Bueno,Wolverhampton Wanderers,Bournemouth,0.5,5.5,Sportsbet,49,289,14285994,523823242,2490767708
Bournemouth v Wolverhampton Wanderers,Bournemouth,Wolverhampton Wanderers,Player Assists,Jhon Arias,Wolverhampton Wanderers,Bournemouth,0.5,5,Sportsbet,49,289,14285994,523823242,2490767711
Bournemouth v Wolverhampton Wanderers,Bournemouth,Wolverhampton Wanderers,Player Assists,Marshall Munetsi,Wolverhampton Wanderers,Bournemouth,0.5,5,Sportsbet,49,289,14285994,523823242,2490767703
Bournemouth v Wolverhampton Wanderers,Bournemouth,Wolverhampton Wanderers,Player Assists,David Moller Wolfe,NA,NA,0.5,6,Sportsbet,49,289,14285994,523823242,2490767712
Bournemouth v Wolverhampton Wanderers,Bournemouth,Wolverhampton Wanderers,Player Assists,Jackson Tchatchoua,NA,NA,0.5,6,Sportsbet,49,289,14285994,523823242,2490768785
Bournemouth v Wolverhampton Wanderers,Bournemouth,Wolverhampton Wanderers,Player Assists,J<c3><b8>rgen Strand Larsen,NA,NA,0.5,6,Sportsbet,49,289,14285994,523823242,2490767701
Bournemouth v Wolverhampton Wanderers,Bournemouth,Wolverhampton Wanderers,Player Assists,Mateus Mane,NA,NA,0.5,6,Sportsbet,49,289,14285994,523823242,2490767715
Bournemouth v Wolverhampton Wanderers,Bournemouth,Wolverhampton Wanderers,Player Assists,Ki-Jana Hoever,Wolverhampton Wanderers,Bournemouth,0.5,7.5,Sportsbet,49,289,14285994,523823242,2490767702
Bournemouth v Wolverhampton Wanderers,Bournemouth,Wolverhampton Wanderers,Player Assists,Matt Doherty,Wolverhampton Wanderers,Bournemouth,0.5,8,Sportsbet,49,289,14285994,523823242,2490767697
Bournemouth v Wolverhampton Wanderers,Bournemouth,Wolverhampton Wanderers,Player Assists,Pedro Lima,Wolverhampton Wanderers,Bournemouth,0.5,8,Sportsbet,49,289,14285994,523823242,2490767716
Bournemouth v Wolverhampton Wanderers,Bournemouth,Wolverhampton Wanderers,Player Assists,Tawanda Chirewa,Wolverhampton Wanderers,Bournemouth,0.5,8,Sportsbet,49,289,14285994,523823242,2490767705
Bournemouth v Wolverhampton Wanderers,Bournemouth,Wolverhampton Wanderers,Player Assists,Jo<c3><a3>o Gomes,NA,NA,0.5,11,Sportsbet,49,289,14285994,523823242,2490767707
Bournemouth v Wolverhampton Wanderers,Bournemouth,Wolverhampton Wanderers,Player Assists,Andre,NA,NA,0.5,12,Sportsbet,49,289,14285994,523823242,2490767706
Bournemouth v Wolverhampton Wanderers,Bournemouth,Wolverhampton Wanderers,Player Assists,Emmanuel Agbadou,Wolverhampton Wanderers,Bournemouth,0.5,12,Sportsbet,49,289,14285994,523823242,2490767709
Bournemouth v Wolverhampton Wanderers,Bournemouth,Wolverhampton Wanderers,Player Assists,Santiago Bueno,Wolverhampton Wanderers,Bournemouth,0.5,15,Sportsbet,49,289,14285994,523823242,2490767704
Bournemouth v Wolverhampton Wanderers,Bournemouth,Wolverhampton Wanderers,Player Assists,Toti,Wolverhampton Wanderers,Bournemouth,0.5,15,Sportsbet,49,289,14285994,523823242,2490767714
Bournemouth v Wolverhampton Wanderers,Bournemouth,Wolverhampton Wanderers,Player Assists,Yerson Mosquera,Wolverhampton Wanderers,Bournemouth,0.5,15,Sportsbet,49,289,14285994,523823242,2490767713
Brentford v Aston Villa,Brentford,Aston Villa,Player Assists,Myles Peart-Harris,Brentford,Aston Villa,0.5,3.5,Sportsbet,49,289,14285996,523833756,2490821130
Brentford v Aston Villa,Brentford,Aston Villa,Player Assists,F<c3><a1>bio Carvalho,NA,NA,0.5,4.5,Sportsbet,49,289,14285996,523833756,2490821128
Brentford v Aston Villa,Brentford,Aston Villa,Player Assists,Igor Thiago,Brentford,Aston Villa,0.5,4.33,Sportsbet,49,289,14285996,523833756,2490821134
Brentford v Aston Villa,Brentford,Aston Villa,Player Assists,Mathias Jensen,Brentford,Aston Villa,0.5,4.5,Sportsbet,49,289,14285996,523833756,2490821122
Brentford v Aston Villa,Brentford,Aston Villa,Player Assists,Mikkel Damsgaard,Brentford,Aston Villa,0.5,4.5,Sportsbet,49,289,14285996,523833756,2490821131
Brentford v Aston Villa,Brentford,Aston Villa,Player Assists,Yoane Wissa,Brentford,Aston Villa,0.5,4.5,Sportsbet,49,289,14285996,523833756,2493265523
Brentford v Aston Villa,Brentford,Aston Villa,Player Assists,Antoni Milambo,Brentford,Aston Villa,0.5,5.5,Sportsbet,49,289,14285996,523833756,2490821135
Brentford v Aston Villa,Brentford,Aston Villa,Player Assists,Dango Ouattara,Bournemouth,Brentford,0.5,5.5,Sportsbet,49,289,14285996,523833756,2490821133
Brentford v Aston Villa,Brentford,Aston Villa,Player Assists,Frank Onyeka,Brentford,Aston Villa,0.5,5,Sportsbet,49,289,14285996,523833756,2490821124
Brentford v Aston Villa,Brentford,Aston Villa,Player Assists,Keane Lewis-Potter,Brentford,Aston Villa,0.5,5,Sportsbet,49,289,14285996,523833756,2490821127
Brentford v Aston Villa,Brentford,Aston Villa,Player Assists,Kevin Schade,Brentford,Aston Villa,0.5,5.5,Sportsbet,49,289,14285996,523833756,2490821132
Brentford v Aston Villa,Brentford,Aston Villa,Player Assists,Jordan Henderson,Brentford,Aston Villa,0.5,6.5,Sportsbet,49,289,14285996,523833756,2490821117
Brentford v Aston Villa,Brentford,Aston Villa,Player Assists,Paris Maghoma,Brentford,Aston Villa,0.5,6.5,Sportsbet,49,289,14285996,523833756,2493265522
Brentford v Aston Villa,Brentford,Aston Villa,Player Assists,Yegor Yarmolyuk,Brentford,Aston Villa,0.5,6.5,Sportsbet,49,289,14285996,523833756,2490821129
Brentford v Aston Villa,Brentford,Aston Villa,Player Assists,Aaron Hickey,Brentford,Aston Villa,0.5,7,Sportsbet,49,289,14285996,523833756,2490821126
Brentford v Aston Villa,Brentford,Aston Villa,Player Assists,Rico Henry,Brentford,Aston Villa,0.5,7,Sportsbet,49,289,14285996,523833756,2490821118
Brentford v Aston Villa,Brentford,Aston Villa,Player Assists,Michael Kayode,Brentford,Aston Villa,0.5,10,Sportsbet,49,289,14285996,523833756,2490821136
Brentford v Aston Villa,Brentford,Aston Villa,Player Assists,Yunus Emre Konak,NA,NA,0.5,10,Sportsbet,49,289,14285996,523833756,2490821138
Brentford v Aston Villa,Brentford,Aston Villa,Player Assists,Nathan Collins,Brentford,Aston Villa,0.5,11,Sportsbet,49,289,14285996,523833756,2490821125
Brentford v Aston Villa,Brentford,Aston Villa,Player Assists,Benjamin Arthur,Brentford,Aston Villa,0.5,14,Sportsbet,49,289,14285996,523833756,2490821137
Brentford v Aston Villa,Brentford,Aston Villa,Player Assists,Ethan Pinnock,Brentford,Aston Villa,0.5,17,Sportsbet,49,289,14285996,523833756,2490821120
Brentford v Aston Villa,Brentford,Aston Villa,Player Assists,Kristoffer Ajer,Brentford,Aston Villa,0.5,17,Sportsbet,49,289,14285996,523833756,2490821119
Brentford v Aston Villa,Brentford,Aston Villa,Player Assists,Sepp van den Berg,Brentford,Aston Villa,0.5,17,Sportsbet,49,289,14285996,523833756,2490821123
Brentford v Aston Villa,Brentford,Aston Villa,Player Assists,Evann Guessand,Aston Villa,Brentford,0.5,3.75,Sportsbet,49,289,14285996,523833756,2490821153
Brentford v Aston Villa,Brentford,Aston Villa,Player Assists,Jamaldeen Jimoh-Aloba,NA,NA,0.5,3.75,Sportsbet,49,289,14285996,523833756,2490821158
Brentford v Aston Villa,Brentford,Aston Villa,Player Assists,John McGinn,Aston Villa,Brentford,0.5,3.3,Sportsbet,49,289,14285996,523833756,2490821141
Brentford v Aston Villa,Brentford,Aston Villa,Player Assists,Morgan Rogers,Aston Villa,Brentford,0.5,3,Sportsbet,49,289,14285996,523833756,2490821151
Brentford v Aston Villa,Brentford,Aston Villa,Player Assists,Ollie Watkins,Aston Villa,Brentford,0.5,3.75,Sportsbet,49,289,14285996,523833756,2490821144
Brentford v Aston Villa,Brentford,Aston Villa,Player Assists,Donyell Malen,Aston Villa,Brentford,0.5,4.5,Sportsbet,49,289,14285996,523833756,2490821150
Brentford v Aston Villa,Brentford,Aston Villa,Player Assists,Emiliano Buend<c3><ad>a,NA,NA,0.5,4.5,Sportsbet,49,289,14285996,523833756,2490821145
Brentford v Aston Villa,Brentford,Aston Villa,Player Assists,Youri Tielemans,Aston Villa,Brentford,0.5,4,Sportsbet,49,289,14285996,523833756,2490821143
Brentford v Aston Villa,Brentford,Aston Villa,Player Assists,Ian Maatsen,Aston Villa,Brentford,0.5,5,Sportsbet,49,289,14285996,523833756,2490821152
Brentford v Aston Villa,Brentford,Aston Villa,Player Assists,Lucas Digne,Aston Villa,Brentford,0.5,5.5,Sportsbet,49,289,14285996,523833756,2490821140
Brentford v Aston Villa,Brentford,Aston Villa,Player Assists,Matty Cash,Aston Villa,Brentford,0.5,5.5,Sportsbet,49,289,14285996,523833756,2490821146
Brentford v Aston Villa,Brentford,Aston Villa,Player Assists,Samuel Iling-Junior,Aston Villa,Brentford,0.5,5.5,Sportsbet,49,289,14285996,523833756,2490821156
Brentford v Aston Villa,Brentford,Aston Villa,Player Assists,Lamare Bogarde,Aston Villa,Brentford,0.5,6.5,Sportsbet,49,289,14285996,523833756,2490821155
Brentford v Aston Villa,Brentford,Aston Villa,Player Assists,Amadou Onana,Aston Villa,Brentford,0.5,11,Sportsbet,49,289,14285996,523833756,2490821154
Brentford v Aston Villa,Brentford,Aston Villa,Player Assists,Boubacar Kamara,Aston Villa,Brentford,0.5,12,Sportsbet,49,289,14285996,523833756,2490821149
Brentford v Aston Villa,Brentford,Aston Villa,Player Assists,Pau Torres,Aston Villa,Brentford,0.5,13,Sportsbet,49,289,14285996,523833756,2490821148
Brentford v Aston Villa,Brentford,Aston Villa,Player Assists,Tyrone Mings,Aston Villa,Brentford,0.5,15,Sportsbet,49,289,14285996,523833756,2490821142
Burnley v Sunderland,Burnley,Sunderland,Player Assists,Aaron Ramsey,NA,NA,0.5,4.5,Sportsbet,49,289,14285997,523853258,2490918605
Burnley v Sunderland,Burnley,Sunderland,Player Assists,Hannibal Mejbri,NA,NA,0.5,4.5,Sportsbet,49,289,14285997,523853258,2490918604
Burnley v Sunderland,Burnley,Sunderland,Player Assists,Jacob Bruun Larsen,NA,NA,0.5,4.5,Sportsbet,49,289,14285997,523853258,2490918598
Burnley v Sunderland,Burnley,Sunderland,Player Assists,Jaidon Anthony,NA,NA,0.5,4.33,Sportsbet,49,289,14285997,523853258,2490918606
Burnley v Sunderland,Burnley,Sunderland,Player Assists,Marcus Edwards,NA,NA,0.5,4.5,Sportsbet,49,289,14285997,523853258,2490918597
Burnley v Sunderland,Burnley,Sunderland,Player Assists,Armando Broja,NA,NA,0.5,5.5,Sportsbet,49,289,14285997,523853258,2490918603
Burnley v Sunderland,Burnley,Sunderland,Player Assists,Ashley Barnes,NA,NA,0.5,5,Sportsbet,49,289,14285997,523853258,2490918591
Burnley v Sunderland,Burnley,Sunderland,Player Assists,Connor Roberts,NA,NA,0.5,5.5,Sportsbet,49,289,14285997,523853258,2490918594
Burnley v Sunderland,Burnley,Sunderland,Player Assists,Josh Cullen,NA,NA,0.5,5.5,Sportsbet,49,289,14285997,523853258,2490918593
Burnley v Sunderland,Burnley,Sunderland,Player Assists,Josh Laurent,NA,NA,0.5,5.5,Sportsbet,49,289,14285997,523853258,2490918592
Burnley v Sunderland,Burnley,Sunderland,Player Assists,Lyle Foster,NA,NA,0.5,5,Sportsbet,49,289,14285997,523853258,2490918601
Burnley v Sunderland,Burnley,Sunderland,Player Assists,Manuel Benson,NA,NA,0.5,5.5,Sportsbet,49,289,14285997,523853258,2490918600
Burnley v Sunderland,Burnley,Sunderland,Player Assists,Zian Flemming,NA,NA,0.5,5,Sportsbet,49,289,14285997,523853258,2490918599
Burnley v Sunderland,Burnley,Sunderland,Player Assists,Loum Tchaouna,NA,NA,0.5,6,Sportsbet,49,289,14285997,523853258,2490918612
Burnley v Sunderland,Burnley,Sunderland,Player Assists,Quilindschy Hartman,NA,NA,0.5,6.5,Sportsbet,49,289,14285997,523853258,2490918614
Burnley v Sunderland,Burnley,Sunderland,Player Assists,Bashir Humphreys,NA,NA,0.5,7,Sportsbet,49,289,14285997,523853258,2490918611
Burnley v Sunderland,Burnley,Sunderland,Player Assists,Oliver Sonne,NA,NA,0.5,7,Sportsbet,49,289,14285997,523853258,2490918609
Burnley v Sunderland,Burnley,Sunderland,Player Assists,Lesley Ugochukwu,NA,NA,0.5,8.5,Sportsbet,49,289,14285997,523853258,2490918607
Burnley v Sunderland,Burnley,Sunderland,Player Assists,Lucas Pires,NA,NA,0.5,8.5,Sportsbet,49,289,14285997,523853258,2490918610
Burnley v Sunderland,Burnley,Sunderland,Player Assists,Axel Tuanzebe,NA,NA,0.5,9.5,Sportsbet,49,289,14285997,523853258,2490918595
Burnley v Sunderland,Burnley,Sunderland,Player Assists,Kyle Walker,NA,NA,0.5,10,Sportsbet,49,289,14285997,523853258,2490918590
Burnley v Sunderland,Burnley,Sunderland,Player Assists,Maxime Esteve,NA,NA,0.5,12,Sportsbet,49,289,14285997,523853258,2490918608
Burnley v Sunderland,Burnley,Sunderland,Player Assists,Hjalmar Ekdal,NA,NA,0.5,13,Sportsbet,49,289,14285997,523853258,2490918602
Burnley v Sunderland,Burnley,Sunderland,Player Assists,Joe Worrall,NA,NA,0.5,21,Sportsbet,49,289,14285997,523853258,2490918596
Burnley v Sunderland,Burnley,Sunderland,Player Assists,Alan Browne,NA,NA,0.5,4.33,Sportsbet,49,289,14285997,523853258,2490918617
Burnley v Sunderland,Burnley,Sunderland,Player Assists,Enzo Le Fee,NA,NA,0.5,4.5,Sportsbet,49,289,14285997,523853258,2490918626
Burnley v Sunderland,Burnley,Sunderland,Player Assists,Harrison Jones,NA,NA,0.5,4.5,Sportsbet,49,289,14285997,523853258,2490918638
Burnley v Sunderland,Burnley,Sunderland,Player Assists,Nectarios Triantis,NA,NA,0.5,4.5,Sportsbet,49,289,14285997,523853258,2490918632
Burnley v Sunderland,Burnley,Sunderland,Player Assists,Patrick Roberts,NA,NA,0.5,4.33,Sportsbet,49,289,14285997,523853258,2490918618
Burnley v Sunderland,Burnley,Sunderland,Player Assists,Chemsdine Talbi,NA,NA,0.5,5,Sportsbet,49,289,14285997,523853258,2490918636
Burnley v Sunderland,Burnley,Sunderland,Player Assists,Chris Rigg,NA,NA,0.5,5,Sportsbet,49,289,14285997,523853258,2490918635
Burnley v Sunderland,Burnley,Sunderland,Player Assists,Eliezer Mayenda,NA,NA,0.5,5,Sportsbet,49,289,14285997,523853258,2490918633
Burnley v Sunderland,Burnley,Sunderland,Player Assists,Simon Adingra,NA,NA,0.5,5,Sportsbet,49,289,14285997,523853258,2490918629
Burnley v Sunderland,Burnley,Sunderland,Player Assists,Arthur Masuaku,NA,NA,0.5,6,Sportsbet,49,289,14285997,523853258,2490918615
Burnley v Sunderland,Burnley,Sunderland,Player Assists,Dan Neil,NA,NA,0.5,6,Sportsbet,49,289,14285997,523853258,2490918623
Burnley v Sunderland,Burnley,Sunderland,Player Assists,Marc Guiu,NA,NA,0.5,6,Sportsbet,49,289,14285997,523853258,2490918637
Burnley v Sunderland,Burnley,Sunderland,Player Assists,Granit Xhaka,NA,NA,0.5,7,Sportsbet,49,289,14285997,523853258,2490918616
Burnley v Sunderland,Burnley,Sunderland,Player Assists,Nazariy Rusyn,NA,NA,0.5,7,Sportsbet,49,289,14285997,523853258,2490918621
Burnley v Sunderland,Burnley,Sunderland,Player Assists,Noah Sadiki,NA,NA,0.5,7.5,Sportsbet,49,289,14285997,523853258,2490918634
Burnley v Sunderland,Burnley,Sunderland,Player Assists,Trai Hume,NA,NA,0.5,7,Sportsbet,49,289,14285997,523853258,2490918627
Burnley v Sunderland,Burnley,Sunderland,Player Assists,Wilson Isidor,NA,NA,0.5,7,Sportsbet,49,289,14285997,523853258,2490918622
Burnley v Sunderland,Burnley,Sunderland,Player Assists,Habib Diarra,NA,NA,0.5,8,Sportsbet,49,289,14285997,523853258,2490918631
Burnley v Sunderland,Burnley,Sunderland,Player Assists,Jay Matete,NA,NA,0.5,8,Sportsbet,49,289,14285997,523853258,2490918628
Burnley v Sunderland,Burnley,Sunderland,Player Assists,Jenson Seelt,NA,NA,0.5,9,Sportsbet,49,289,14285997,523853258,2490918630
Burnley v Sunderland,Burnley,Sunderland,Player Assists,Nordi Mukiele,NA,NA,0.5,10,Sportsbet,49,289,14285997,523853258,2490918619
Burnley v Sunderland,Burnley,Sunderland,Player Assists,Reinildo Mandava,NA,NA,0.5,12,Sportsbet,49,289,14285997,523853258,2490918620
Burnley v Sunderland,Burnley,Sunderland,Player Assists,Dan Ballard,NA,NA,0.5,23,Sportsbet,49,289,14285997,523853258,2490918625
Burnley v Sunderland,Burnley,Sunderland,Player Assists,Omar Alderete,NA,NA,0.5,26,Sportsbet,49,289,14285997,523853258,2490918624
Arsenal v Leeds United,Arsenal,Leeds United,Player Assists,Bukayo Saka,Arsenal,Leeds United,0.5,2.4,Sportsbet,49,289,14286516,523811489,2490700072
Arsenal v Leeds United,Arsenal,Leeds United,Player Assists,Ethan Nwaneri,Arsenal,Leeds United,0.5,2.8,Sportsbet,49,289,14286516,523811489,2490700080
Arsenal v Leeds United,Arsenal,Leeds United,Player Assists,Gabriel Martinelli,Arsenal,Leeds United,0.5,2.88,Sportsbet,49,289,14286516,523811489,2490700075
Arsenal v Leeds United,Arsenal,Leeds United,Player Assists,Leandro Trossard,Arsenal,Leeds United,0.5,2.6,Sportsbet,49,289,14286516,523811489,2490700063
Arsenal v Leeds United,Arsenal,Leeds United,Player Assists,Viktor Gyokeres,NA,NA,0.5,2.1,Sportsbet,49,289,14286516,523811489,2490700071
Arsenal v Leeds United,Arsenal,Leeds United,Player Assists,Declan Rice,Arsenal,Leeds United,0.5,3.4,Sportsbet,49,289,14286516,523811489,2490700067
Arsenal v Leeds United,Arsenal,Leeds United,Player Assists,Martin <c3><98>degaard,NA,NA,0.5,3,Sportsbet,49,289,14286516,523811489,2490700064
Arsenal v Leeds United,Arsenal,Leeds United,Player Assists,Mikel Merino,Arsenal,Leeds United,0.5,3.75,Sportsbet,49,289,14286516,523811489,2490700065
Arsenal v Leeds United,Arsenal,Leeds United,Player Assists,Noni Madueke,Arsenal,Leeds United,0.5,3.3,Sportsbet,49,289,14286516,523811489,2490700077
Arsenal v Leeds United,Arsenal,Leeds United,Player Assists,Ben White,Arsenal,Leeds United,0.5,4.2,Sportsbet,49,289,14286516,523811489,2490700066
Arsenal v Leeds United,Arsenal,Leeds United,Player Assists,Jurrien Timber,Arsenal,Leeds United,0.5,4.5,Sportsbet,49,289,14286516,523811489,2490700074
Arsenal v Leeds United,Arsenal,Leeds United,Player Assists,Jakub Kiwior,Arsenal,Leeds United,0.5,5.5,Sportsbet,49,289,14286516,523811489,2490700078
Arsenal v Leeds United,Arsenal,Leeds United,Player Assists,Myles Lewis-Skelly,Arsenal,Leeds United,0.5,6,Sportsbet,49,289,14286516,523811489,2490700081
Arsenal v Leeds United,Arsenal,Leeds United,Player Assists,Riccardo Calafiori,Arsenal,Leeds United,0.5,6,Sportsbet,49,289,14286516,523811489,2490700076
Arsenal v Leeds United,Arsenal,Leeds United,Player Assists,Martin Zubimendi,NA,NA,0.5,7.5,Sportsbet,49,289,14286516,523811489,2490700073
Arsenal v Leeds United,Arsenal,Leeds United,Player Assists,Gabriel Magalh<c3><a3>es,NA,NA,0.5,12,Sportsbet,49,289,14286516,523811489,2490700069
Arsenal v Leeds United,Arsenal,Leeds United,Player Assists,Cristhian Mosquera,Arsenal,Leeds United,0.5,14,Sportsbet,49,289,14286516,523811489,2490700079
Arsenal v Leeds United,Arsenal,Leeds United,Player Assists,William Saliba,Arsenal,Leeds United,0.5,14,Sportsbet,49,289,14286516,523811489,2490700070
Arsenal v Leeds United,Arsenal,Leeds United,Player Assists,Lukas Nmecha,NA,NA,0.5,5.5,Sportsbet,49,289,14286516,523811489,2490700091
Arsenal v Leeds United,Arsenal,Leeds United,Player Assists,Sebastiaan Bornauw,NA,NA,0.5,5.5,Sportsbet,49,289,14286516,523811489,2490700093
Arsenal v Leeds United,Arsenal,Leeds United,Player Assists,Anton Stach,NA,NA,0.5,6,Sportsbet,49,289,14286516,523811489,2490700100
Arsenal v Leeds United,Arsenal,Leeds United,Player Assists,Daniel James,NA,NA,0.5,6,Sportsbet,49,289,14286516,523811489,2490700085
Arsenal v Leeds United,Arsenal,Leeds United,Player Assists,Jack Harrison,NA,NA,0.5,6,Sportsbet,49,289,14286516,523811489,2490700086
Arsenal v Leeds United,Arsenal,Leeds United,Player Assists,Wilfried Gnonto,NA,NA,0.5,6.5,Sportsbet,49,289,14286516,523811489,2490700101
Arsenal v Leeds United,Arsenal,Leeds United,Player Assists,Brenden Aaronson,NA,NA,0.5,7.5,Sportsbet,49,289,14286516,523811489,2490700095
Arsenal v Leeds United,Arsenal,Leeds United,Player Assists,Largie Ramazani,NA,NA,0.5,7.5,Sportsbet,49,289,14286516,523811489,2490700098
Arsenal v Leeds United,Arsenal,Leeds United,Player Assists,Noah Okafor,NA,NA,0.5,7.5,Sportsbet,49,289,14286516,523811489,2492081837
Arsenal v Leeds United,Arsenal,Leeds United,Player Assists,Dominic Calvert-Lewin,NA,NA,0.5,8,Sportsbet,49,289,14286516,523811489,2490700083
Arsenal v Leeds United,Arsenal,Leeds United,Player Assists,Joel Piroe,NA,NA,0.5,8,Sportsbet,49,289,14286516,523811489,2490700096
Arsenal v Leeds United,Arsenal,Leeds United,Player Assists,Sam Byram,NA,NA,0.5,8,Sportsbet,49,289,14286516,523811489,2490700082
Arsenal v Leeds United,Arsenal,Leeds United,Player Assists,Isaac Schmidt,NA,NA,0.5,9.5,Sportsbet,49,289,14286516,523811489,2490700102
Arsenal v Leeds United,Arsenal,Leeds United,Player Assists,Jayden Bogle,NA,NA,0.5,9,Sportsbet,49,289,14286516,523811489,2490700088
Arsenal v Leeds United,Arsenal,Leeds United,Player Assists,Ao Tanaka,NA,NA,0.5,10,Sportsbet,49,289,14286516,523811489,2490700099
Arsenal v Leeds United,Arsenal,Leeds United,Player Assists,Ilia Gruev,NA,NA,0.5,11,Sportsbet,49,289,14286516,523811489,2490700097
Arsenal v Leeds United,Arsenal,Leeds United,Player Assists,Sean Longstaff,NA,NA,0.5,13,Sportsbet,49,289,14286516,523811489,2490700090
Arsenal v Leeds United,Arsenal,Leeds United,Player Assists,Gabriel Gudmundsson,NA,NA,0.5,14,Sportsbet,49,289,14286516,523811489,2490700089
Arsenal v Leeds United,Arsenal,Leeds United,Player Assists,Pascal Struijk,NA,NA,0.5,15,Sportsbet,49,289,14286516,523811489,2490700092
Arsenal v Leeds United,Arsenal,Leeds United,Player Assists,Jaka Bijol,NA,NA,0.5,21,Sportsbet,49,289,14286516,523811489,2490700094
Arsenal v Leeds United,Arsenal,Leeds United,Player Assists,Joe Rodon,NA,NA,0.5,26,Sportsbet,49,289,14286516,523811489,2490700084
Crystal Palace v Nottingham Forest,Crystal Palace,Nottingham Forest,Player Assists,Jesurun Rak-Sakyi,Crystal Palace,Nottingham Forest,0.5,3.75,Sportsbet,49,289,14286339,523885265,2491105222
Crystal Palace v Nottingham Forest,Crystal Palace,Nottingham Forest,Player Assists,Adam Wharton,Crystal Palace,Nottingham Forest,0.5,4.5,Sportsbet,49,289,14286339,523885265,2491105224
Crystal Palace v Nottingham Forest,Crystal Palace,Nottingham Forest,Player Assists,Daniel Mu<c3><b1>oz,NA,NA,0.5,4.33,Sportsbet,49,289,14286339,523885265,2491105218
Crystal Palace v Nottingham Forest,Crystal Palace,Nottingham Forest,Player Assists,Franco Umeh-Chibueze,NA,NA,0.5,4.5,Sportsbet,49,289,14286339,523885265,2491105227
Crystal Palace v Nottingham Forest,Crystal Palace,Nottingham Forest,Player Assists,Isma<c3><af>la Sarr,NA,NA,0.5,4.5,Sportsbet,49,289,14286339,523885265,2491105210
Crystal Palace v Nottingham Forest,Crystal Palace,Nottingham Forest,Player Assists,Jean-Philippe Mateta,Crystal Palace,Nottingham Forest,0.5,4.5,Sportsbet,49,289,14286339,523885265,2491105212
Crystal Palace v Nottingham Forest,Crystal Palace,Nottingham Forest,Player Assists,Justin Devenny,Crystal Palace,Nottingham Forest,0.5,4.33,Sportsbet,49,289,14286339,523885265,2491105220
Crystal Palace v Nottingham Forest,Crystal Palace,Nottingham Forest,Player Assists,Matheus Franca,NA,NA,0.5,4.33,Sportsbet,49,289,14286339,523885265,2491105223
Crystal Palace v Nottingham Forest,Crystal Palace,Nottingham Forest,Player Assists,Odsonne Edouard,NA,NA,0.5,4.33,Sportsbet,49,289,14286339,523885265,2491105209
Crystal Palace v Nottingham Forest,Crystal Palace,Nottingham Forest,Player Assists,Romain Esse,Crystal Palace,Nottingham Forest,0.5,4.5,Sportsbet,49,289,14286339,523885265,2491105226
Crystal Palace v Nottingham Forest,Crystal Palace,Nottingham Forest,Player Assists,Will Hughes,Crystal Palace,Nottingham Forest,0.5,4.5,Sportsbet,49,289,14286339,523885265,2491105207
Crystal Palace v Nottingham Forest,Crystal Palace,Nottingham Forest,Player Assists,Borna Sosa,Crystal Palace,Nottingham Forest,0.5,5.5,Sportsbet,49,289,14286339,523885265,2491105211
Crystal Palace v Nottingham Forest,Crystal Palace,Nottingham Forest,Player Assists,Jefferson Lerma,Crystal Palace,Nottingham Forest,0.5,5.5,Sportsbet,49,289,14286339,523885265,2491105208
Crystal Palace v Nottingham Forest,Crystal Palace,Nottingham Forest,Player Assists,Tyrick Mitchell,Crystal Palace,Nottingham Forest,0.5,5.5,Sportsbet,49,289,14286339,523885265,2491105219
Crystal Palace v Nottingham Forest,Crystal Palace,Nottingham Forest,Player Assists,Naouirou Ahamada,Crystal Palace,Nottingham Forest,0.5,6.5,Sportsbet,49,289,14286339,523885265,2491105221
Crystal Palace v Nottingham Forest,Crystal Palace,Nottingham Forest,Player Assists,Nathaniel Clyne,Crystal Palace,Nottingham Forest,0.5,6.5,Sportsbet,49,289,14286339,523885265,2491105206
Crystal Palace v Nottingham Forest,Crystal Palace,Nottingham Forest,Player Assists,Chris Richards,Crystal Palace,Nottingham Forest,0.5,7.5,Sportsbet,49,289,14286339,523885265,2491105216
Crystal Palace v Nottingham Forest,Crystal Palace,Nottingham Forest,Player Assists,Kaden Rodney,Crystal Palace,Nottingham Forest,0.5,8,Sportsbet,49,289,14286339,523885265,2491105225
Crystal Palace v Nottingham Forest,Crystal Palace,Nottingham Forest,Player Assists,Maxence Lacroix,Crystal Palace,Nottingham Forest,0.5,13,Sportsbet,49,289,14286339,523885265,2491105217
Crystal Palace v Nottingham Forest,Crystal Palace,Nottingham Forest,Player Assists,Marc Gu<c3><a9>hi,NA,NA,0.5,21,Sportsbet,49,289,14286339,523885265,2491105215
Crystal Palace v Nottingham Forest,Crystal Palace,Nottingham Forest,Player Assists,Morgan Gibbs-White,Nottingham Forest,Crystal Palace,0.5,3.6,Sportsbet,49,289,14286339,523885265,2491105235
Crystal Palace v Nottingham Forest,Crystal Palace,Nottingham Forest,Player Assists,Jota Silva,Nottingham Forest,Crystal Palace,0.5,4.5,Sportsbet,49,289,14286339,523885265,2491105245
Crystal Palace v Nottingham Forest,Crystal Palace,Nottingham Forest,Player Assists,Dan Ndoye,Nottingham Forest,Crystal Palace,0.5,5,Sportsbet,49,289,14286339,523885265,2491105244
Crystal Palace v Nottingham Forest,Crystal Palace,Nottingham Forest,Player Assists,Douglas Luiz,NA,NA,0.5,5.5,Sportsbet,49,289,14286339,523885265,2492964468
Crystal Palace v Nottingham Forest,Crystal Palace,Nottingham Forest,Player Assists,Elliot Anderson,Nottingham Forest,Crystal Palace,0.5,5.5,Sportsbet,49,289,14286339,523885265,2491105233
Crystal Palace v Nottingham Forest,Crystal Palace,Nottingham Forest,Player Assists,Igor Jesus,Nottingham Forest,Crystal Palace,0.5,5.5,Sportsbet,49,289,14286339,523885265,2491105243
Crystal Palace v Nottingham Forest,Crystal Palace,Nottingham Forest,Player Assists,James McAtee,Manchester City,Crystal Palace,0.5,5,Sportsbet,49,289,14286339,523885265,2491105242
Crystal Palace v Nottingham Forest,Crystal Palace,Nottingham Forest,Player Assists,Neco Williams,Nottingham Forest,Crystal Palace,0.5,5.5,Sportsbet,49,289,14286339,523885265,2491105240
Crystal Palace v Nottingham Forest,Crystal Palace,Nottingham Forest,Player Assists,Omari Hutchinson,Ipswich Town,Crystal Palace,0.5,5.5,Sportsbet,49,289,14286339,523885265,2491105246
Crystal Palace v Nottingham Forest,Crystal Palace,Nottingham Forest,Player Assists,Callum Hudson-Odoi,Nottingham Forest,Crystal Palace,0.5,6,Sportsbet,49,289,14286339,523885265,2491105238
Crystal Palace v Nottingham Forest,Crystal Palace,Nottingham Forest,Player Assists,Omar Richards,Nottingham Forest,Crystal Palace,0.5,6.5,Sportsbet,49,289,14286339,523885265,2491105234
Crystal Palace v Nottingham Forest,Crystal Palace,Nottingham Forest,Player Assists,Arnaud Kalimuendo,NA,NA,0.5,7,Sportsbet,49,289,14286339,523885265,2491105241
Crystal Palace v Nottingham Forest,Crystal Palace,Nottingham Forest,Player Assists,Ola Aina,Nottingham Forest,Crystal Palace,0.5,8,Sportsbet,49,289,14286339,523885265,2491105230
Crystal Palace v Nottingham Forest,Crystal Palace,Nottingham Forest,Player Assists,Chris Wood,Nottingham Forest,Crystal Palace,0.5,9.5,Sportsbet,49,289,14286339,523885265,2491105229
Crystal Palace v Nottingham Forest,Crystal Palace,Nottingham Forest,Player Assists,Taiwo Awoniyi,Nottingham Forest,Crystal Palace,0.5,9,Sportsbet,49,289,14286339,523885265,2491105237
Crystal Palace v Nottingham Forest,Crystal Palace,Nottingham Forest,Player Assists,Ibrahim Sangar<c3><a9>,NA,NA,0.5,12,Sportsbet,49,289,14286339,523885265,2491105231
Crystal Palace v Nottingham Forest,Crystal Palace,Nottingham Forest,Player Assists,Ryan Yates,Nottingham Forest,Crystal Palace,0.5,13,Sportsbet,49,289,14286339,523885265,2491105236
Crystal Palace v Nottingham Forest,Crystal Palace,Nottingham Forest,Player Assists,Murillo,Nottingham Forest,Crystal Palace,0.5,14,Sportsbet,49,289,14286339,523885265,2491105247
Crystal Palace v Nottingham Forest,Crystal Palace,Nottingham Forest,Player Assists,Nikola Milenkovi<c4><87>,NA,NA,0.5,15,Sportsbet,49,289,14286339,523885265,2491105232
Crystal Palace v Nottingham Forest,Crystal Palace,Nottingham Forest,Player Assists,Morato,Nottingham Forest,Crystal Palace,0.5,17,Sportsbet,49,289,14286339,523885265,2491105239
Crystal Palace v Nottingham Forest,Crystal Palace,Nottingham Forest,Player Assists,Jair,NA,NA,0.5,21,Sportsbet,49,289,14286339,523885265,2491105248
Crystal Palace v Nottingham Forest,Crystal Palace,Nottingham Forest,Player Assists,Zach Abbott,Nottingham Forest,Crystal Palace,0.5,21,Sportsbet,49,289,14286339,523885265,2491105249
Crystal Palace v Nottingham Forest,Crystal Palace,Nottingham Forest,Player Assists,Willy Boly,Nottingham Forest,Crystal Palace,0.5,23,Sportsbet,49,289,14286339,523885265,2491105228
Everton v Brighton & Hove Albion,Everton,Brighton & Hove Albion,Player Assists,Dwight McNeil,Everton,Brighton & Hove Albion,0.5,3.5,Sportsbet,49,289,14286486,523895418,2491160760
Everton v Brighton & Hove Albion,Everton,Brighton & Hove Albion,Player Assists,Charly Alcaraz,NA,NA,0.5,4,Sportsbet,49,289,14286486,523895418,2491160766
Everton v Brighton & Hove Albion,Everton,Brighton & Hove Albion,Player Assists,Iliman Ndiaye,Everton,Brighton & Hove Albion,0.5,4.5,Sportsbet,49,289,14286486,523895418,2491160759
Everton v Brighton & Hove Albion,Everton,Brighton & Hove Albion,Player Assists,Jack Grealish,Everton,Brighton & Hove Albion,0.5,4.33,Sportsbet,49,289,14286486,523895418,2491160756
Everton v Brighton & Hove Albion,Everton,Brighton & Hove Albion,Player Assists,Beto,Everton,Brighton & Hove Albion,0.5,5,Sportsbet,49,289,14286486,523895418,2491160762
Everton v Brighton & Hove Albion,Everton,Brighton & Hove Albion,Player Assists,Idrissa Gueye,Everton,Brighton & Hove Albion,0.5,5.5,Sportsbet,49,289,14286486,523895418,2491160755
Everton v Brighton & Hove Albion,Everton,Brighton & Hove Albion,Player Assists,James Garner,Everton,Brighton & Hove Albion,0.5,5,Sportsbet,49,289,14286486,523895418,2491160761
Everton v Brighton & Hove Albion,Everton,Brighton & Hove Albion,Player Assists,Kiernan Dewsbury-Hall,Everton,Brighton & Hove Albion,0.5,5.5,Sportsbet,49,289,14286486,523895418,2491160757
Everton v Brighton & Hove Albion,Everton,Brighton & Hove Albion,Player Assists,Thierno Barry,Everton,Brighton & Hove Albion,0.5,5.5,Sportsbet,49,289,14286486,523895418,2491160771
Everton v Brighton & Hove Albion,Everton,Brighton & Hove Albion,Player Assists,Tyler Onyango,NA,NA,0.5,5.5,Sportsbet,49,289,14286486,523895418,2491160763
Everton v Brighton & Hove Albion,Everton,Brighton & Hove Albion,Player Assists,Youssef Chermiti,Everton,Brighton & Hove Albion,0.5,8,Sportsbet,49,289,14286486,523895418,2491160768
Everton v Brighton & Hove Albion,Everton,Brighton & Hove Albion,Player Assists,Adam Aznou,Everton,Brighton & Hove Albion,0.5,10,Sportsbet,49,289,14286486,523895418,2491160770
Everton v Brighton & Hove Albion,Everton,Brighton & Hove Albion,Player Assists,Harrison Armstrong,Everton,Brighton & Hove Albion,0.5,10,Sportsbet,49,289,14286486,523895418,2491160769
Everton v Brighton & Hove Albion,Everton,Brighton & Hove Albion,Player Assists,S<c3><a9>amus Coleman,NA,NA,0.5,10,Sportsbet,49,289,14286486,523895418,2491160753
Everton v Brighton & Hove Albion,Everton,Brighton & Hove Albion,Player Assists,Jake O'Brien,Everton,Brighton & Hove Albion,0.5,11,Sportsbet,49,289,14286486,523895418,2491160767
Everton v Brighton & Hove Albion,Everton,Brighton & Hove Albion,Player Assists,Tim Iroegbunam,Everton,Brighton & Hove Albion,0.5,12,Sportsbet,49,289,14286486,523895418,2491160765
Everton v Brighton & Hove Albion,Everton,Brighton & Hove Albion,Player Assists,James Tarkowski,Everton,Brighton & Hove Albion,0.5,17,Sportsbet,49,289,14286486,523895418,2491160752
Everton v Brighton & Hove Albion,Everton,Brighton & Hove Albion,Player Assists,Michael Keane,Everton,Brighton & Hove Albion,0.5,17,Sportsbet,49,289,14286486,523895418,2491160754
Everton v Brighton & Hove Albion,Everton,Brighton & Hove Albion,Player Assists,Charalampos Kostoulas,Brighton & Hove Albion,Everton,0.5,4.5,Sportsbet,49,289,14286486,523895418,2491160797
Everton v Brighton & Hove Albion,Everton,Brighton & Hove Albion,Player Assists,Facundo Buonanotte,Brighton & Hove Albion,Everton,0.5,4.33,Sportsbet,49,289,14286486,523895418,2491160790
Everton v Brighton & Hove Albion,Everton,Brighton & Hove Albion,Player Assists,Ferdi Kadioglu,NA,NA,0.5,4.5,Sportsbet,49,289,14286486,523895418,2491160777
Everton v Brighton & Hove Albion,Everton,Brighton & Hove Albion,Player Assists,Georginio Rutter,Brighton & Hove Albion,Everton,0.5,4.5,Sportsbet,49,289,14286486,523895418,2491160781
Everton v Brighton & Hove Albion,Everton,Brighton & Hove Albion,Player Assists,Kaoru Mitoma,Brighton & Hove Albion,Everton,0.5,4.2,Sportsbet,49,289,14286486,523895418,2491160785
Everton v Brighton & Hove Albion,Everton,Brighton & Hove Albion,Player Assists,Mats Wieffer,Brighton & Hove Albion,Everton,0.5,4.5,Sportsbet,49,289,14286486,523895418,2491160783
Everton v Brighton & Hove Albion,Everton,Brighton & Hove Albion,Player Assists,Matt O'Riley,Brighton & Hove Albion,Everton,0.5,4.5,Sportsbet,49,289,14286486,523895418,2491160779
Everton v Brighton & Hove Albion,Everton,Brighton & Hove Albion,Player Assists,Maxim De Cuyper,Brighton & Hove Albion,Everton,0.5,4.5,Sportsbet,49,289,14286486,523895418,2491160784
Everton v Brighton & Hove Albion,Everton,Brighton & Hove Albion,Player Assists,Yankuba Minteh,Brighton & Hove Albion,Everton,0.5,4,Sportsbet,49,289,14286486,523895418,2491160794
Everton v Brighton & Hove Albion,Everton,Brighton & Hove Albion,Player Assists,Yasin Ayari,Brighton & Hove Albion,Everton,0.5,4.5,Sportsbet,49,289,14286486,523895418,2491160786
Everton v Brighton & Hove Albion,Everton,Brighton & Hove Albion,Player Assists,Brajan Gruda,Brighton & Hove Albion,Everton,0.5,5,Sportsbet,49,289,14286486,523895418,2491160796
Everton v Brighton & Hove Albion,Everton,Brighton & Hove Albion,Player Assists,James Milner,Brighton & Hove Albion,Everton,0.5,5.5,Sportsbet,49,289,14286486,523895418,2491160772
Everton v Brighton & Hove Albion,Everton,Brighton & Hove Albion,Player Assists,Stefanos Tzimas,Brighton & Hove Albion,Everton,0.5,5.5,Sportsbet,49,289,14286486,523895418,2491160795
Everton v Brighton & Hove Albion,Everton,Brighton & Hove Albion,Player Assists,Tariq Lamptey,Brighton & Hove Albion,Everton,0.5,5,Sportsbet,49,289,14286486,523895418,2491160780
Everton v Brighton & Hove Albion,Everton,Brighton & Hove Albion,Player Assists,Abdallah Sima,Brighton & Hove Albion,Everton,0.5,6,Sportsbet,49,289,14286486,523895418,2491160788
Everton v Brighton & Hove Albion,Everton,Brighton & Hove Albion,Player Assists,Danny Welbeck,Brighton & Hove Albion,Everton,0.5,6,Sportsbet,49,289,14286486,523895418,2491160774
Everton v Brighton & Hove Albion,Everton,Brighton & Hove Albion,Player Assists,Diego Gomez,NA,NA,0.5,7.5,Sportsbet,49,289,14286486,523895418,2491160789
Everton v Brighton & Hove Albion,Everton,Brighton & Hove Albion,Player Assists,Jack Hinshelwood,Brighton & Hove Albion,Everton,0.5,7,Sportsbet,49,289,14286486,523895418,2491160791
Everton v Brighton & Hove Albion,Everton,Brighton & Hove Albion,Player Assists,Jo<c3><ab>l Veltman,NA,NA,0.5,11,Sportsbet,49,289,14286486,523895418,2491160775
Everton v Brighton & Hove Albion,Everton,Brighton & Hove Albion,Player Assists,Carlos Baleba,Brighton & Hove Albion,Everton,0.5,12,Sportsbet,49,289,14286486,523895418,2491160793
Everton v Brighton & Hove Albion,Everton,Brighton & Hove Albion,Player Assists,Diego Coppola,Brighton & Hove Albion,Everton,0.5,12,Sportsbet,49,289,14286486,523895418,2491160792
Everton v Brighton & Hove Albion,Everton,Brighton & Hove Albion,Player Assists,Lewis Dunk,Brighton & Hove Albion,Everton,0.5,14,Sportsbet,49,289,14286486,523895418,2491160773
Everton v Brighton & Hove Albion,Everton,Brighton & Hove Albion,Player Assists,Olivier Boscagli,Brighton & Hove Albion,Everton,0.5,14,Sportsbet,49,289,14286486,523895418,2491160776
Everton v Brighton & Hove Albion,Everton,Brighton & Hove Albion,Player Assists,Igor,Brighton & Hove Albion,Everton,0.5,15,Sportsbet,49,289,14286486,523895418,2491160778
Everton v Brighton & Hove Albion,Everton,Brighton & Hove Albion,Player Assists,Jan Paul van Hecke,Brighton & Hove Albion,Everton,0.5,15,Sportsbet,49,289,14286486,523895418,2491160782
Fulham v Manchester United,Fulham,Manchester United,Player Assists,Harry Wilson,Fulham,Manchester United,0.5,3.6,Sportsbet,49,289,14286525,523897586,2491170043
Fulham v Manchester United,Fulham,Manchester United,Player Assists,Adama Traor<c3><a9>,NA,NA,0.5,4,Sportsbet,49,289,14286525,523897586,2491170039
Fulham v Manchester United,Fulham,Manchester United,Player Assists,Alex Iwobi,Fulham,Manchester United,0.5,4.33,Sportsbet,49,289,14286525,523897586,2491170038
Fulham v Manchester United,Fulham,Manchester United,Player Assists,Andreas Pereira,Fulham,Manchester United,0.5,4.33,Sportsbet,49,289,14286525,523897586,2491170041
Fulham v Manchester United,Fulham,Manchester United,Player Assists,Martial Godo,Fulham,Manchester United,0.5,4.2,Sportsbet,49,289,14286525,523897586,2491170051
Fulham v Manchester United,Fulham,Manchester United,Player Assists,Emile Smith Rowe,Fulham,Manchester United,0.5,5.5,Sportsbet,49,289,14286525,523897586,2491170048
Fulham v Manchester United,Fulham,Manchester United,Player Assists,Harrison Reed,Fulham,Manchester United,0.5,6.5,Sportsbet,49,289,14286525,523897586,2491170036
Fulham v Manchester United,Fulham,Manchester United,Player Assists,Joshua King,NA,NA,0.5,6.5,Sportsbet,49,289,14286525,523897586,2491170052
Fulham v Manchester United,Fulham,Manchester United,Player Assists,Kenny Tete,Fulham,Manchester United,0.5,6,Sportsbet,49,289,14286525,523897586,2491170035
Fulham v Manchester United,Fulham,Manchester United,Player Assists,Ra<c3><ba>l Jim<c3><a9>nez,NA,NA,0.5,6,Sportsbet,49,289,14286525,523897586,2491170034
Fulham v Manchester United,Fulham,Manchester United,Player Assists,Rodrigo Muniz,Fulham,Manchester United,0.5,6.5,Sportsbet,49,289,14286525,523897586,2491170050
Fulham v Manchester United,Fulham,Manchester United,Player Assists,Ryan Sessegnon,Fulham,Manchester United,0.5,6,Sportsbet,49,289,14286525,523897586,2491170045
Fulham v Manchester United,Fulham,Manchester United,Player Assists,Timothy Castagne,Fulham,Manchester United,0.5,6.5,Sportsbet,49,289,14286525,523897586,2491170037
Fulham v Manchester United,Fulham,Manchester United,Player Assists,Sa<c5><a1>a Luki<c4><87>,NA,NA,0.5,7.5,Sportsbet,49,289,14286525,523897586,2491170042
Fulham v Manchester United,Fulham,Manchester United,Player Assists,Tom Cairney,Fulham,Manchester United,0.5,7,Sportsbet,49,289,14286525,523897586,2491170033
Fulham v Manchester United,Fulham,Manchester United,Player Assists,Calvin Bassey,Fulham,Manchester United,0.5,11,Sportsbet,49,289,14286525,523897586,2491170049
Fulham v Manchester United,Fulham,Manchester United,Player Assists,Sander Berge,Fulham,Manchester United,0.5,11,Sportsbet,49,289,14286525,523897586,2491170046
Fulham v Manchester United,Fulham,Manchester United,Player Assists,Jorge Cuenca,Fulham,Manchester United,0.5,12,Sportsbet,49,289,14286525,523897586,2491170047
Fulham v Manchester United,Fulham,Manchester United,Player Assists,Joachim Andersen,Fulham,Manchester United,0.5,13,Sportsbet,49,289,14286525,523897586,2491170040
Fulham v Manchester United,Fulham,Manchester United,Player Assists,Issa Diop,Fulham,Manchester United,0.5,20,Sportsbet,49,289,14286525,523897586,2491170044
Fulham v Manchester United,Fulham,Manchester United,Player Assists,Bruno Fernandes,Manchester United,Fulham,0.5,3.1,Sportsbet,49,289,14286525,523897586,2491170056
Fulham v Manchester United,Fulham,Manchester United,Player Assists,Mason Mount,Manchester United,Fulham,0.5,3.75,Sportsbet,49,289,14286525,523897586,2491170058
Fulham v Manchester United,Fulham,Manchester United,Player Assists,Matheus Cunha,Manchester United,Fulham,0.5,3.5,Sportsbet,49,289,14286525,523897586,2491170061
Fulham v Manchester United,Fulham,Manchester United,Player Assists,Amad Diallo,Manchester United,Fulham,0.5,4.33,Sportsbet,49,289,14286525,523897586,2491170064
Fulham v Manchester United,Fulham,Manchester United,Player Assists,Benjamin Sesko,Manchester United,Fulham,0.5,4.5,Sportsbet,49,289,14286525,523897586,2491170062
Fulham v Manchester United,Fulham,Manchester United,Player Assists,Bryan Mbeumo,Manchester United,Fulham,0.5,4,Sportsbet,49,289,14286525,523897586,2491170060
Fulham v Manchester United,Fulham,Manchester United,Player Assists,Chido Obi,Manchester United,Fulham,0.5,4.2,Sportsbet,49,289,14286525,523897586,2491170072
Fulham v Manchester United,Fulham,Manchester United,Player Assists,Joshua Zirkzee,Manchester United,Fulham,0.5,4.5,Sportsbet,49,289,14286525,523897586,2491170063
Fulham v Manchester United,Fulham,Manchester United,Player Assists,Patrick Dorgu,Manchester United,Fulham,0.5,4.33,Sportsbet,49,289,14286525,523897586,2491170071
Fulham v Manchester United,Fulham,Manchester United,Player Assists,Bendito Mantato,NA,NA,0.5,5.5,Sportsbet,49,289,14286525,523897586,2491170073
Fulham v Manchester United,Fulham,Manchester United,Player Assists,Diogo Dalot,Manchester United,Fulham,0.5,5,Sportsbet,49,289,14286525,523897586,2491170059
Fulham v Manchester United,Fulham,Manchester United,Player Assists,Rasmus Hojlund,NA,NA,0.5,5.5,Sportsbet,49,289,14286525,523897586,2491170066
Fulham v Manchester United,Fulham,Manchester United,Player Assists,Diego Leon,NA,NA,0.5,6,Sportsbet,49,289,14286525,523897586,2491170074
Fulham v Manchester United,Fulham,Manchester United,Player Assists,Kobbie Mainoo,Manchester United,Fulham,0.5,6,Sportsbet,49,289,14286525,523897586,2491170067
Fulham v Manchester United,Fulham,Manchester United,Player Assists,Manuel Ugarte,Manchester United,Fulham,0.5,6.5,Sportsbet,49,289,14286525,523897586,2491170065
Fulham v Manchester United,Fulham,Manchester United,Player Assists,Casemiro,Manchester United,Fulham,0.5,7,Sportsbet,49,289,14286525,523897586,2491170055
Fulham v Manchester United,Fulham,Manchester United,Player Assists,Luke Shaw,Manchester United,Fulham,0.5,7,Sportsbet,49,289,14286525,523897586,2491170054
Fulham v Manchester United,Fulham,Manchester United,Player Assists,Sekou Kone,NA,NA,0.5,7,Sportsbet,49,289,14286525,523897586,2491170075
Fulham v Manchester United,Fulham,Manchester United,Player Assists,Leny Yoro,Manchester United,Fulham,0.5,13,Sportsbet,49,289,14286525,523897586,2491170068
Fulham v Manchester United,Fulham,Manchester United,Player Assists,Tyler Fredricson,Manchester United,Fulham,0.5,13,Sportsbet,49,289,14286525,523897586,2491170069
Fulham v Manchester United,Fulham,Manchester United,Player Assists,Ayden Heaven,Manchester United,Fulham,0.5,14,Sportsbet,49,289,14286525,523897586,2491170070
Fulham v Manchester United,Fulham,Manchester United,Player Assists,Harry Maguire,Manchester United,Fulham,0.5,14,Sportsbet,49,289,14286525,523897586,2491170053
Fulham v Manchester United,Fulham,Manchester United,Player Assists,Matthijs de Ligt,Manchester United,Fulham,0.5,17,Sportsbet,49,289,14286525,523897586,2491170057
Newcastle United v Liverpool,Newcastle United,Liverpool,Player Assists,Anthony Elanga,Newcastle United,Liverpool,0.5,3.4,Sportsbet,49,289,14286141,523990926,2491629690
Newcastle United v Liverpool,Newcastle United,Liverpool,Player Assists,Kieran Trippier,Newcastle United,Liverpool,0.5,3.5,Sportsbet,49,289,14286141,523990926,2491629678
Newcastle United v Liverpool,Newcastle United,Liverpool,Player Assists,Anthony Gordon,Newcastle United,Liverpool,0.5,4.33,Sportsbet,49,289,14286141,523990926,2491629687
Newcastle United v Liverpool,Newcastle United,Liverpool,Player Assists,Harvey Barnes,Newcastle United,Liverpool,0.5,4.33,Sportsbet,49,289,14286141,523990926,2491629684
Newcastle United v Liverpool,Newcastle United,Liverpool,Player Assists,Lewis Hall,Newcastle United,Liverpool,0.5,4.5,Sportsbet,49,289,14286141,523990926,2491629694
Newcastle United v Liverpool,Newcastle United,Liverpool,Player Assists,William Osula,Newcastle United,Liverpool,0.5,4.33,Sportsbet,49,289,14286141,523990926,2491629693
Newcastle United v Liverpool,Newcastle United,Liverpool,Player Assists,Bruno Guimar<c3><a3>es,NA,NA,0.5,5.5,Sportsbet,49,289,14286141,523990926,2491629686
Newcastle United v Liverpool,Newcastle United,Liverpool,Player Assists,Jacob Murphy,Newcastle United,Liverpool,0.5,5,Sportsbet,49,289,14286141,523990926,2491629682
Newcastle United v Liverpool,Newcastle United,Liverpool,Player Assists,Lewis Miley,Newcastle United,Liverpool,0.5,5.5,Sportsbet,49,289,14286141,523990926,2491629695
Newcastle United v Liverpool,Newcastle United,Liverpool,Player Assists,Jacob Ramsey,Aston Villa,Newcastle United,0.5,6,Sportsbet,49,289,14286141,523990926,2491629688
Newcastle United v Liverpool,Newcastle United,Liverpool,Player Assists,Joelinton,Newcastle United,Liverpool,0.5,6,Sportsbet,49,289,14286141,523990926,2491629683
Newcastle United v Liverpool,Newcastle United,Liverpool,Player Assists,Sandro Tonali,Newcastle United,Liverpool,0.5,6,Sportsbet,49,289,14286141,523990926,2491629685
Newcastle United v Liverpool,Newcastle United,Liverpool,Player Assists,Emil Krafth,Newcastle United,Liverpool,0.5,7.5,Sportsbet,49,289,14286141,523990926,2491629679
Newcastle United v Liverpool,Newcastle United,Liverpool,Player Assists,Tino Livramento,Newcastle United,Liverpool,0.5,7.5,Sportsbet,49,289,14286141,523990926,2491629691
Newcastle United v Liverpool,Newcastle United,Liverpool,Player Assists,Fabian Sch<c3><a4>r,NA,NA,0.5,12,Sportsbet,49,289,14286141,523990926,2491629680
Newcastle United v Liverpool,Newcastle United,Liverpool,Player Assists,Dan Burn,Newcastle United,Liverpool,0.5,15,Sportsbet,49,289,14286141,523990926,2491629681
Newcastle United v Liverpool,Newcastle United,Liverpool,Player Assists,Sven Botman,Newcastle United,Liverpool,0.5,20,Sportsbet,49,289,14286141,523990926,2491629689
Newcastle United v Liverpool,Newcastle United,Liverpool,Player Assists,Malick Thiaw,Newcastle United,Liverpool,0.5,21,Sportsbet,49,289,14286141,523990926,2491629692
Newcastle United v Liverpool,Newcastle United,Liverpool,Player Assists,Florian Wirtz,Liverpool,Newcastle United,0.5,2.75,Sportsbet,49,289,14286141,523990926,2491629710
Newcastle United v Liverpool,Newcastle United,Liverpool,Player Assists,Hugo Ekitike,NA,NA,0.5,2.5,Sportsbet,49,289,14286141,523990926,2491629712
Newcastle United v Liverpool,Newcastle United,Liverpool,Player Assists,Mohamed Salah,Liverpool,Newcastle United,0.5,2.75,Sportsbet,49,289,14286141,523990926,2491629697
Newcastle United v Liverpool,Newcastle United,Liverpool,Player Assists,Federico Chiesa,Liverpool,Newcastle United,0.5,3.1,Sportsbet,49,289,14286141,523990926,2491629700
Newcastle United v Liverpool,Newcastle United,Liverpool,Player Assists,Rio Ngumoha,Liverpool,Newcastle United,0.5,3.1,Sportsbet,49,289,14286141,523990926,2491629715
Newcastle United v Liverpool,Newcastle United,Liverpool,Player Assists,Alexis Mac Allister,Liverpool,Newcastle United,0.5,4.33,Sportsbet,49,289,14286141,523990926,2491629709
Newcastle United v Liverpool,Newcastle United,Liverpool,Player Assists,Andrew Robertson,Liverpool,Newcastle United,0.5,4.5,Sportsbet,49,289,14286141,523990926,2491629698
Newcastle United v Liverpool,Newcastle United,Liverpool,Player Assists,Cody Gakpo,Liverpool,Newcastle United,0.5,4.5,Sportsbet,49,289,14286141,523990926,2491629704
Newcastle United v Liverpool,Newcastle United,Liverpool,Player Assists,Conor Bradley,Liverpool,Newcastle United,0.5,4,Sportsbet,49,289,14286141,523990926,2491629711
Newcastle United v Liverpool,Newcastle United,Liverpool,Player Assists,Curtis Jones,Liverpool,Newcastle United,0.5,4.2,Sportsbet,49,289,14286141,523990926,2491629705
Newcastle United v Liverpool,Newcastle United,Liverpool,Player Assists,Dominik Szoboszlai,Liverpool,Newcastle United,0.5,4.5,Sportsbet,49,289,14286141,523990926,2491629703
Newcastle United v Liverpool,Newcastle United,Liverpool,Player Assists,Harvey Elliott,Liverpool,Newcastle United,0.5,4.5,Sportsbet,49,289,14286141,523990926,2491629707
Newcastle United v Liverpool,Newcastle United,Liverpool,Player Assists,Milos Kerkez,Liverpool,Newcastle United,0.5,4.5,Sportsbet,49,289,14286141,523990926,2491629713
Newcastle United v Liverpool,Newcastle United,Liverpool,Player Assists,Trey Nyoni,Liverpool,Newcastle United,0.5,4.5,Sportsbet,49,289,14286141,523990926,2491629714
Newcastle United v Liverpool,Newcastle United,Liverpool,Player Assists,Wataru Endo,Liverpool,Newcastle United,0.5,5.5,Sportsbet,49,289,14286141,523990926,2491629701
Newcastle United v Liverpool,Newcastle United,Liverpool,Player Assists,Joe Gomez,Liverpool,Newcastle United,0.5,6.5,Sportsbet,49,289,14286141,523990926,2491629699
Newcastle United v Liverpool,Newcastle United,Liverpool,Player Assists,Ryan Gravenberch,Liverpool,Newcastle United,0.5,6,Sportsbet,49,289,14286141,523990926,2491629706
Newcastle United v Liverpool,Newcastle United,Liverpool,Player Assists,Virgil van Dijk,Liverpool,Newcastle United,0.5,12,Sportsbet,49,289,14286141,523990926,2491629696
Newcastle United v Liverpool,Newcastle United,Liverpool,Player Assists,Ibrahima Konat<c3><a9>,NA,NA,0.5,14,Sportsbet,49,289,14286141,523990926,2491629702
